,index,HotelName,HotelLocation,HotelCommentValue,HotelCommentAmount,HotelPrice
0,0,如家酒店(大连华南广场天河路枣园店),甘井子区,4.4,685,135.0
1,1,大连星海乐家时尚酒店式公寓,沙河口区,4.7,257,184.0
2,2,大连兴辉凯瑞酒店,普兰店区,4.7,215,143.0
3,3,大连雅客小镇假日酒店,金州区,4.5,20,192.0
4,4,大连智高商务主题宾馆,旅顺口区,4.3,441,111.0
5,5,大连皇桥商务宾馆,沙河口区,4.3,166,101.0
6,6,大连学子酒店,旅顺口区,4.5,170,85.0
7,7,大连蓝精灵宾馆,旅顺口区,4.6,80,127.0
8,8,大连名传世纪酷贝拉主题酒店,金州区,4.2,323,213.0
9,9,大连交通宾馆,中山区,4.0,78,124.0
10,10,大连蔚蓝海岸公寓,甘井子区,4.8,292,425.0
11,11,大连仲夏客舍,旅顺口区,4.8,13,54.0
12,12,全季酒店(大连高新万达广场店),甘井子区,4.8,679,538.0
13,13,大连馨花路放万达海景公寓(原馨花路放酒店),甘井子区,4.7,638,159.0
14,14,大连盛闲宾馆,旅顺口区,4.5,152,104.0
15,15,未名假日海景酒店式公寓(大连高新万达店),高新园区,4.6,65,183.0
16,16,大连金石滩海边亲子公寓,大连市金州区,4.7,83,163.0
17,17,速8酒店(大连旅顺口店),旅顺口区,4.6,905,162.0
18,18,阳光海岸公寓式酒店(大连嘉华三部),金州区,4.7,109,113.0
19,19,大连左岸商旅度假公寓,甘井子区,4.7,134,181.0
20,20,大连一二一九主题酒店,旅顺口区,4.3,100,113.0
21,21,大连斯寓海景复式跃层酒店,金石滩大商商业中心枫洋街1-1-12区,4.6,163,198.0
22,22,大连优山美地时尚宾馆,金州区,4.4,276,65.0
23,23,大连文景旅店,金州区,4.8,132,77.0
24,24,大连春天酒店,西岗区,4.5,301,381.0
25,0,大连新世界酒店,中山区,4.7,2687,816.0
26,1,精选 大连荷泰酒店,中山区,4.7,4372,431.0
27,2,精选 大连星海广场缤悦酒店公寓,沙河口区,4.8,7755,395.0
28,3,精选 Q加·大连海之星酒店式公寓,沙河口区,4.8,3775,279.0
29,4,精选 Q加·大连星海广场飞悦酒店公寓,沙河口区,4.7,10677,257.0
30,5,大连柯拉特丽呈睿轩酒店,中山区,4.6,202,348.0
31,6,精选 山水S酒店(大连火车站青泥洼桥店),西岗区,4.8,1163,328.0
32,7,如家商旅酒店(大连人民路港湾广场地铁站店),中山区,4.7,363,280.0
33,8,Q加·大连星海广场蓝湾酒店式公寓,沙河口区,4.7,4359,268.0
34,9,精选 开元曼居臻选·大连人民广场市政府店,西岗区,4.8,1980,476.0
35,10,精选 好时光酒店式公寓(大连星海广场店),沙河口区,4.9,3114,268.0
36,11,精选 斯维登服务公寓(大连中山广场悦泰街里店),中山区,4.7,5074,285.0
37,12,精选 鸿季海景公寓(大连东港店),中山区,4.6,1735,291.0
38,13,精选 Q加·港悦酒店式公寓(大连星海广场店),沙河口区,4.7,3404,359.0
39,14,璞隐酒店(大连火车站友好广场地铁站店),中山区,4.8,1212,373.0
40,15,大连五号海宿,中山区,0.0,3,456.0
41,16,桔子酒店·精选(大连中山广场人民路店),中山区,4.8,8019,371.0
42,17,开元曼居·大连星海广场店,沙河口区,4.7,388,396.0
43,18,精选 大连港湾喜悦度假公寓,中山区,4.9,530,290.0
44,19,美丽豪酒店(大连高新万达广场店),高新园区,4.9,2303,508.0
45,20,精选 开元曼居·大连火车站店,西岗区,4.8,266,320.0
46,21,精选 大连玫瑰坊酒店,沙河口区,4.6,2875,378.0
47,22,和颐酒店(大连西安路店),沙河口区,4.6,6134,349.0
48,23,精选 大连昱圣苑国际酒店,沙河口区,4.5,2633,471.0
49,24,如家商旅酒店(大连火车站青泥洼桥友好广场店),中山区,4.8,976,390.0
50,0,大连鲁能海洋温泉酒店,金州区,4.6,1088,918.0
51,1,锦江之星(大连北站店),甘井子区,4.6,4533,279.0
52,2,速8酒店(大连金州火车站店),金州区,4.4,560,153.0
53,3,如家精选酒店(大连开发区万达广场金马路店),金州区,4.8,1084,309.0
54,4,大连中山广场亚朵酒店,中山区,4.7,5731,441.0
55,5,桔子水晶大连友好广场酒店,中山区,4.7,6487,430.0
56,6,大连富力希尔顿酒店,中山区,4.6,4166,856.0
57,7,大连普照假日酒店,中山区,4.3,2789,156.0
58,8,大连盛捷天城服务公寓,金州区,4.7,767,533.0
59,9,宜家微酒店(大连火车站中山广场店),西岗区,4.9,4171,109.0
60,10,大连港汇悦享莱酒店,中山区,4.6,418,197.0
61,11,宜客宜家酒店(大连东北财经大学店)(原宜客宜家主题公寓),沙河口区,4.9,5733,240.0
62,12,大连(机场)虹港酒店,甘井子区,4.4,4449,268.0
63,13,如家酒店(大连黄河路万达华府中山公园店),西岗区,4.5,1746,178.0
64,14,日月明连锁客房(大连松云街友好广场店),中山区,4.4,3021,159.0
65,15,大连棒棰岛宾馆,中山区,4.2,1305,579.0
66,16,日月明精选酒店(大连上海路店),中山区,4.6,2935,194.0
67,17,锦江之星(大连联合路店),沙河口区,4.7,2225,213.0
68,18,日月明连锁客房(大连胜利路店),西岗区,4.4,1527,199.0
69,19,锦江之星(大连机场店),甘井子区,4.3,3094,208.0
70,20,大连凯伦饭店,金州区,4.7,1560,319.0
71,21,大连中山大酒店,中山区,4.3,4967,419.0
72,22,驿斯利酒店(大连金石滩店)(原发现王国店),金州区,4.3,1036,126.0
73,23,如家酒店(大连火车站店),西岗区,4.5,1665,170.0
74,24,汉庭酒店(大连机场虹港路店),甘井子区,4.7,217,317.0
75,0,大连威仑酒店,西岗区,4.1,3387,117.0
76,1,大连发现王国度假酒店,金州区,4.5,3820,574.0
77,2,大连海尊智选假日酒店,中山区,4.6,2205,469.0
78,3,唐银酒店(大连火车站店),西岗区,4.2,1871,123.0
79,4,天优品酒店(大连机场沃尔玛美食街店),甘井子区,4.7,1629,219.0
80,5,联合庭院青旅酒店(大连星海广场店),沙河口区,4.9,111,50.0
81,6,大连开发区智选假日酒店,金州区,4.7,678,406.0
82,7,如家酒店(大连北站南关岭广场店),甘井子区,4.8,1618,230.0
83,8,大连长城饭店,沙河口区,4.5,1141,242.0
84,9,如家酒店(大连五一广场店),西岗区,4.5,914,170.0
85,10,天连锁酒店(大连港湾广场客运码头地铁站店),中山区,4.5,1312,159.0
86,11,大连金石滩海未央酒店式公寓,金州区,4.7,1684,123.0
87,12,大连开发区金马路亚朵酒店,金州区,4.9,266,422.0
88,13,锦江之星(大连金州恒达花园店),金州区,4.8,1334,139.0
89,14,大连奥利加尔大酒店,沙河口区,4.5,3449,468.0
90,15,大连芙蓉国际酒店,西岗区,4.6,1539,388.0
91,16,OYO大连芝麻街酒店,高新园区,4.6,269,137.0
92,17,日月明连锁客房(大连中山广场中山医院店)(原延安路友好广场店),中山区,4.2,936,132.0
93,18,日月明精选酒店(大连星海公园店),沙河口区,4.5,2492,251.0
94,19,乐嘉服务公寓(大连星海广场店),沙河口区,4.8,1506,280.0
95,20,天连锁酒店(大连星海广场西安路地铁站店),沙河口区,4.6,1103,189.0
96,21,如家酒店(大连长春路北石道街店),西岗区,4.6,443,161.0
97,22,海友酒店(大连火车站北广场店),西岗区,4.2,955,90.0
98,23,大连宜客宜家精品酒店机场金三角店,甘井子区,4.9,2709,188.0
99,24,大连碧海云天假日酒店,金州区,4.6,1233,189.0
100,0,麗枫酒店(大连星海公园店),沙河口区,4.7,2052,338.0
101,1,如家酒店·neo(大连高新园区万达广场店),高新园区,4.6,976,70.0
102,2,维也纳智好酒店(大连中山广场店),中山区,4.7,596,273.0
103,3,大连馨港商务宾馆,西岗区,4.2,172,155.0
104,4,锦江之星品尚(大连友好广场店),中山区,4.7,1976,183.0
105,5,大连五五路8号酒店公寓,中山区,4.6,118,163.0
106,6,汉庭酒店(大连海事大学地铁站店),沙河口区,4.6,725,352.0
107,7,大连铁道1896花园酒店,西岗区,4.3,1350,384.0
108,8,大连东泉温泉假日酒店,石河街道小黑山风景区,4.7,867,546.0
109,9,天连锁酒店(大连保税区轻轨站万达广场店),金州区,4.8,1713,139.0
110,10,大连幸福酒店式公寓,高新园区,4.8,226,153.0
111,11,锦江之星(大连华南广场中华路店),甘井子区,4.6,1715,246.0
112,12,大连白云山庄,西岗区,4.3,69,218.0
113,13,祥云宾馆(大连老虎滩海洋公园店),中山区,4.5,1287,133.0
114,14,途窝假日酒店(大连黄金海岸广场店),金州区,4.6,379,129.0
115,15,锦江之星(大连开发区辽宁街店),金州区,4.7,1381,139.0
116,16,星程酒店(大连金石滩店),金州区,4.5,667,299.0
117,17,IU酒店(大连星海广场西安路店),沙河口区,4.7,180,158.0
118,18,大连橘子公寓,软件园路新新园2号区,4.3,1445,273.0
119,19,老虎滩回家酒店公寓(原回hotel公寓老虎滩店),中山区,4.6,1070,144.0
120,20,大连智豪酒店,中山区,4.7,504,368.0
121,21,大连蓝湾宾馆,西岗区,4.9,56,193.0
122,22,大连柯拉特艺术酒店,中山区,4.6,151,366.0
123,23,大连虎滩宾馆,中山区,4.2,659,361.0
124,24,大连友好禧玥酒店,中山区,4.6,3878,469.0
125,0,天连锁酒店(大连千山路地铁站美食街店),甘井子区,4.6,756,137.0
126,1,Q加·大连爱度假日酒店,中山区,4.4,841,177.0
127,2,麗枫酒店(大连马栏广场辽师大学店),沙河口区,4.8,2218,242.0
128,3,天优品酒店(大连旅顺中心广场新玛特店),旅顺口区,4.7,2443,233.0
129,4,爱舍空间主题酒店(大连火车站青泥洼桥店),中山区,4.7,1316,145.0
130,5,乐家酒店(大连火车站店),西岗区,4.6,788,84.0
131,6,如家酒店(大连三八广场店),中山区,4.5,1135,153.0
132,7,大连华能宾馆,西岗区,4.6,299,569.0
133,8,大连天禧精选酒店,中山区,4.7,446,154.0
134,9,汉庭优佳酒店(大连北站店),甘井子区,4.6,367,371.0
135,10,汉庭酒店(大连机场店),甘井子区,4.6,1000,219.0
136,11,如家酒店(大连机场迎客路店),甘井子区,4.6,1260,230.0
137,12,如家联盟·华驿精选酒店(大连旅顺中心广场新玛特店),旅顺口区,4.6,484,229.0
138,13,全季酒店(大连青泥洼桥店),西岗区,4.6,1853,362.0
139,14,汉庭酒店(大连南石道街店),西岗区,4.7,149,194.0
140,15,大连日月潭大酒店,中山区,4.7,731,431.0
141,16,尚客优快捷酒店(大连星海公园店),沙河口区,4.7,120,160.0
142,17,大连雅泰服务公寓,中山区,4.5,242,432.0
143,18,大连汤景泽日式温泉酒店,经济技术开发区,4.7,594,1878.0
144,19,大连海知星酒店,金州区,4.5,603,123.0
145,20,大连星海凯泰loft酒店公寓,沙河口区,4.6,348,349.0
146,21,维也纳3好酒店(大连火车站店),西岗区,4.8,356,263.0
147,22,大连御府国际酒店,高新园区,4.7,74,488.0
148,23,汉庭酒店(大连交通大学店),沙河口区,4.6,790,211.0
149,24,大连星海之夜民宿精装公寓,星海凯泰铭座(会展中心A口出)B座十七楼区,4.8,59,191.0
150,0,如家酒店(大连星海湾解放广场西安路地铁站店),沙河口区,4.4,871,204.0
151,1,锦江之星(大连解放路店),中山区,4.1,1365,208.0
152,2,天连锁酒店(大连甘井子区政府店),甘井子区,4.7,623,179.0
153,3,锦江之星(大连火车站俄罗斯风情街店),西岗区,4.4,1087,199.0
154,4,麗枫酒店(大连北站华南广场店),甘井子区,4.4,1440,260.0
155,5,银座佳驿酒店(大连中山广场长江路店),中山区,4.6,1848,152.0
156,6,宜客宜家精品公寓酒店(大连火车站店),西岗区,4.9,367,168.0
157,7,大连友谊宾馆,中山区,4.4,856,318.0
158,8,大连万益商务客房,沙河口区,4.6,462,95.0
159,9,天连锁酒店(大连高新万达广场海事大学店),高新园区,4.6,1298,157.0
160,10,如家酒店(大连金州向应广场新玛特店),金州区,4.5,548,137.0
161,11,大连斯维登精品公寓(国运壹号),沙河口区,4.7,74,327.0
162,12,全季酒店(大连和平广场店),沙河口区,4.7,1027,518.0
163,13,麒祥假日酒店(大连金石滩店),金州区,4.6,282,180.0
164,14,英伦城堡酒店(大连发现王国店),金州区,4.6,1238,478.0
165,15,莫泰168(大连高新园区万达广场店),高新园区,4.6,1080,332.0
166,16,大连中安金元大酒店,金州区,4.4,998,338.0
167,17,大连芒果度假公寓金石滩店,金州区,4.9,117,197.0
168,18,汉庭酒店(大连火车站轻轨站店),西岗区,4.4,1008,283.0
169,19,驿家365连锁酒店(大连火车站店),中山区,4.6,1673,111.0
170,20,大连橘水晶商务酒店,沙河口区,4.1,36,143.0
171,21,大连凯旋海洋度假公寓,西岗区,4.3,612,80.0
172,22,OYO大连四季时尚主题酒店,中山区,4.5,411,128.0
173,23,大连好莱屋酒店式公寓,沙河口区,4.9,646,200.0
174,24,大连滨海大厦,西岗区,4.3,142,316.0
175,0,嘉华假日酒店(大连黄金海洋发现王国店)(原金石滩店),金州区,4.2,1055,104.0
176,1,锦江之星(大连开发区金马路轻轨车站店),金州区,4.8,1387,169.0
177,2,如家酒店(大连华南广场千山路地铁站店),甘井子区,4.5,649,153.0
178,3,速8酒店(大连火车站店),西岗区,4.2,1182,123.0
179,4,大连梦尚轩海景公寓,中山区,4.9,233,158.0
180,5,大连琦琳商务酒店,甘井子区,4.4,1082,150.0
181,6,全季酒店(大连星海公园店),沙河口区,4.7,513,458.0
182,7,大连和平假日豪华公寓,沙河口区,4.5,397,134.0
183,8,全季酒店(大连中山广场人民路店),中山区,4.7,2424,381.0
184,9,大连不夜城大酒店,金州区,4.6,1004,258.0
185,10,桔子酒店·精选(大连希望广场店),西岗区,4.8,4265,362.0
186,11,天连锁酒店(大连火车站店),中山区,4.4,481,168.0
187,12,如家酒店(大连开发区金马路轻轨车站店),金州区,4.2,489,118.0
188,13,如家派柏·云酒店(大连北站南广场店),甘井子区,4.3,426,187.0
189,14,格林豪泰(大连火车站五一广场店),西岗区,4.3,269,151.0
190,15,大连香洲大饭店,西岗区,4.3,1462,411.0
191,16,大连艾斯精选酒店·公寓,沙河口区,4.4,86,162.0
192,17,大连通宝酒店,甘井子区,4.5,453,181.0
193,18,大连金石唐风国际温泉会馆,金州区,4.4,856,628.0
194,19,大连星海雨辰酒店公寓(原顺意度假酒店),沙河口区,4.6,1611,206.0
195,20,大连海星宾馆,沙河口区,4.2,120,108.0
196,21,大连心悦大酒店,中山区,4.1,1334,469.0
197,22,大连德翔宾馆,甘井子区,4.4,536,126.0
198,23,金海悦酒店(大连保税区轻轨车站店),金州区,4.5,490,170.0
199,24,大连南山花园酒店,中山区,4.3,447,312.0
200,0,大商嘉华假日公寓式酒店(大连二部),金州区,4.6,256,128.0
201,1,锦江之星(大连金州向应公园店),金州区,4.7,844,129.0
202,2,格林豪泰酒店大连机场新区砬子山店,甘井子区,4.6,476,189.0
203,3,大连九日酒店,沙河口区,4.5,467,161.0
204,4,如家睿柏·云酒店(大连安盛广场店),开发区,4.7,242,204.0
205,5,如祥快捷酒店(大连北站华南广场店),甘井子区,4.6,432,137.0
206,6,香蕉旅馆(大连海事大学店),沙河口区,3.8,323,89.0
207,7,大连团山花园大酒店,甘井子区,4.1,177,291.0
208,8,全季酒店(大连火车站店),西岗区,4.8,16,308.0
209,9,大连圣图安古典美宿民宿,沙河口区,4.9,133,275.0
210,10,海友酒店(大连海事大学地铁站店),沙河口区,4.5,358,149.0
211,11,大连海一方主题酒店(开发区万达广场店),金州区,4.6,671,133.0
212,12,大连星海广场海马公寓,沙河口区,4.9,29,255.0
213,13,锦鸿快捷酒店(大连北站店),甘井子区,4.3,674,94.0
214,14,速8酒店(大连星海广场店),沙河口区,4.1,214,209.0
215,15,汉庭酒店(大连春柳地铁站店),沙河口区,4.7,281,176.0
216,16,如家酒店(大连马栏广场地铁站辽师大学店),沙河口区,4.5,516,163.0
217,17,如家派柏·云酒店(大连热电集团香周路店),沙河口区,4.5,584,149.0
218,18,艾希海景酒店式公寓(大连高新园区万达广场店),甘井子区,4.7,267,140.0
219,19,宜必思酒店(大连中山广场店),中山区,4.4,1380,198.0
220,20,大连星海1克拉酒店,沙河口区,4.5,287,146.0
221,21,窝趣商务酒店式公寓(大连金州胜利路瑞栢中心店),金州区,4.7,320,160.0
222,22,汉庭酒店(大连青泥洼桥店),西岗区,4.6,434,317.0
223,23,宜家宾馆(大连中山广场地铁站店)(原平安大厦店),中山区,3.9,217,105.0
224,24,海友酒店(大连高新万达广场店),甘井子区,4.6,405,131.0
225,0,大懒虫青年客栈(大连星海店),沙河口区,4.8,1008,37.0
226,1,全季酒店(大连开发区万达广场店),金州区,4.8,242,352.0
227,2,大连趣儿居海景度假酒店公寓(原优宿海景度假酒店公寓),旅顺口区,4.6,515,158.0
228,3,汉庭酒店(大连华南广场店),甘井子区,4.5,338,220.0
229,4,海纹服务公寓(大连开发区万达广场),金州区,4.9,362,158.0
230,5,大连馨乐庭古耕服务公寓,金州区,4.5,334,310.0
231,6,格林豪泰(大连火车站站前广场店),中山区,4.4,812,142.0
232,7,格林豪泰快捷酒店(大连北站店),甘井子区,4.5,438,256.0
233,8,如家酒店·neo(大连人民广场新开路店),西岗区,4.4,766,208.0
234,9,大连冠豪酒店,甘井子区,4.6,165,300.0
235,10,大连阿尔滨金山宾馆,金州区,4.3,279,298.0
236,11,大连荣耀星海酒店式公寓,沙河口区,4.9,419,248.0
237,12,大连金华大酒店,金州区,4.7,757,272.0
238,13,如家酒店(大连星海公园店),沙河口区,4.3,441,249.0
239,14,大连万兴酒店,中山区,4.3,144,162.0
240,15,红熙缘酒店公寓(大连万达广场店),高新园区,4.7,617,125.0
241,16,大懒虫青年客栈(大连华南店),甘井子区,4.4,622,33.0
242,17,大连怡顺宾馆,中山区,4.6,250,96.0
243,18,OYO大连佳禾酒店,沙河口区,4.2,38,86.0
244,19,岚田宾馆(大连星海公园店),沙河口区,4.7,523,150.0
245,20,大连星海乐途酒店式公寓星海广场店,沙河口区,4.5,70,186.0
246,21,大连富海大酒店,普兰店区,4.6,924,160.0
247,22,汉庭酒店(大连金三角店),甘井子区,4.7,225,169.0
248,23,大连世达酒店,旅顺口区,4.4,218,190.0
249,24,汉庭酒店(大连辽宁师范大学店),沙河口区,4.5,84,202.0
250,0,OYO大连阳光宾馆,旅顺口区,4.6,53,128.0
251,1,大连明悦商务酒店,西岗区,4.3,148,128.0
252,2,南海主题酒店(大连金石滩店),金州区,4.9,208,103.0
253,3,星光丽湾商务公寓(大连瑞柏中心店)(原金州店),金州区,4.8,86,111.0
254,4,大连雅安宾馆,甘井子区,4.5,1410,132.0
255,5,汉庭酒店(大连北站店),甘井子区,4.6,620,279.0
256,6,大连徐园饭店,中山区,4.4,397,263.0
257,7,大连和润东方酒店,普兰店区,4.6,407,272.0
258,8,大连蓝乔青旅酒店,甘井子区,4.8,219,45.0
259,9,如家酒店(大连西安路新长兴市场兴工街地铁站店),沙河口区,4.5,842,153.0
260,10,大连宏福源快捷酒店,甘井子区,4.1,381,164.0
261,11,大连南风宾馆,中山区,4.6,25,275.0
262,12,汉庭酒店(大连中山广场地铁站店),中山区,4.3,535,169.0
263,13,大连玛奇朵酒店,沙河口区,4.5,1053,84.0
264,14,大连百年汇四季酒店,沙河口区,4.3,366,328.0
265,15,巴斯光年国际青年旅舍(大连星海店),沙河口区,4.7,1030,39.0
266,16,美梦家酒店公寓(大连万达广场店),高新园区,4.6,416,126.0
267,17,如家酒店(大连火车站胜利桥南店),中山区,4.5,738,214.0
268,18,OYO大连明天宾馆,旅顺口区,4.4,130,118.0
269,19,大连嘉华·洛可可假日公寓,金州区,4.6,481,126.0
270,20,锦江之星风尚(大连香炉礁香周路店),西岗区,4.5,486,159.0
271,21,星程酒店(大连新开路店),西岗区,4.6,989,246.0
272,22,汉庭酒店(大连解放广场店),沙河口区,4.0,684,185.0
273,23,派柏·云酒店(大连旅顺九三路汽车站),旅顺口区,4.6,239,163.0
274,24,天连锁酒店(大连北站金家街轻轨站店),甘井子区,4.5,750,139.0
275,0,如家派柏·云酒店(大连付家庄海滨公园八一路店),西岗区,4.3,229,127.0
276,1,大连蓝堡酒店,甘井子区,4.7,217,340.0
277,2,莫泰168(大连三八广场店),中山区,4.4,640,153.0
278,3,大连金海悦酒店,金州区,4.5,178,113.0
279,4,丝旅精选海景公寓(大连威尼斯水城店),中山区,4.9,26,271.0
280,5,金玉湾宾馆(大连旅顺大学城店),旅顺口区,4.6,430,266.0
281,6,大连新雅精品酒店(西安路店),大连沙河口区,4.7,169,155.0
282,7,青苹果影咖酒店(大连火车站店),中山区,4.5,350,125.0
283,8,大连鲁能优家客栈,金州区,4.6,799,291.0
284,9,伊典酒店式公寓(大连万达广场店),高新园区,4.5,512,158.0
285,10,如家酒店(大连山东路松江路地铁站店),甘井子区,4.4,803,135.0
286,11,汉庭酒店(大连奥林匹克广场店),沙河口区,4.6,184,167.0
287,12,如家酒店(大连恒隆广场胜利路店),西岗区,4.5,316,153.0
288,13,大连星海中心铂金阁公寓,沙河口区,4.7,94,221.0
289,14,大连玛吉精选酒店,中山区,4.5,1211,153.0
290,15,天连锁酒店(大连东港喷泉港湾广场地铁站店),中山区,4.2,637,149.0
291,16,大连间隔年.海嘉华青年旅舍,金州区,4.5,969,34.0
292,17,大连禧合酒店,中山区,4.5,589,348.0
293,18,汉庭酒店(大连亿丰国际车城店),甘井子区,4.5,363,176.0
294,19,大连盛扬商务宾馆,金州区,4.8,202,110.0
295,20,大连9+1酒店,沙河口区,4.0,253,104.0
296,21,大连阳光快捷酒店(原阳光海景宾馆),沙河口区,3.9,597,150.0
297,22,大连意品妙快捷酒店,旅顺口区,4.4,250,112.0
298,23,大连浪子酒店,沙河口区,3.8,373,129.0
299,24,大连星海甲天下主题酒店,沙河口区,4.4,35,123.0
300,0,大连心悦岛海景民宿,金州区,4.5,48,528.0
301,1,精选 途韵雅筑精品度假公寓（大连星海广场圣亚海洋世界店）,沙河口区,4.9,698,279.0
302,2,如家商旅酒店(大连开发区万达广场店),金州区,4.8,780,274.0
303,3,和颐至尊酒店(大连开发区安盛广场金马路店),金州区,4.8,246,348.0
304,4,大连星海壹号港湾公寓,沙河口区,4.8,345,254.0
305,5,大连明月居海景公寓,中山区,4.8,107,210.0
306,6,大连渤海明珠酒店,中山区,4.3,4505,344.0
307,7,中青旅山水时尚酒店(大连星海公园东财店),沙河口区,4.6,2071,273.0
308,8,如家精选酒店(大连开发区万达广场金马路店),金州区,4.8,1084,309.0
309,9,大连中融创星海酒店,沙河口区,4.5,264,237.0
310,10,精选 大连国际金融会议中心海景酒店,西岗区,4.8,1391,697.0
311,11,精选 大连米朵精选酒店,中山区,4.8,193,238.0
312,12,精选 大连品尚海景公寓酒店,中山区,4.9,2056,280.0
313,13,大连仲夏花园酒店,西岗区,4.5,1498,355.0
314,14,大连良运大酒店,中山区,4.6,2203,498.0
315,15,大连了不起的考拉咖啡·民宿,中山区,4.8,29,409.0
316,16,精选 大连斯维登度假公寓(新星星海中心),沙河口区,4.7,904,237.0
317,17,大连金港大酒店,经济技术开发区,4.7,706,270.0
318,18,大连斯维登·家蜓酒店公寓(高新万达柏悦),高新园区,4.6,2020,470.0
319,19,大连星海映像假日酒店式公寓,沙河口区,4.8,3381,289.0
320,20,大连辉盛阁国际公寓,中山区,4.7,803,2050.0
321,21,大连和怡阳光酒店,高新园区,4.9,751,923.0
322,22,大连新文园大酒店,中山区,4.5,1259,379.0
323,23,喜莱德精品海景公寓(大连威尼斯水城店),中山区,4.9,154,346.0
324,24,大连博尔特大酒店,沙河口区,4.4,2203,509.0
325,0,大连海中金酒店,中山区,4.7,35,168.0
326,1,速8酒店(大连开发区金马路店),金州区,4.6,757,114.0
327,2,大连津酷爱影主题酒店,甘井子区,4.5,291,170.0
328,3,大连渤翔精品酒店,沙河口区,4.6,236,253.0
329,4,大连金兴源精品酒店,西岗区,4.4,403,188.0
330,5,大连Eleven漫步行走太空舱青年旅舍,沙河口区,4.7,293,64.0
331,6,OYO大连十色主题宾馆,沙河口区,4.2,215,96.0
332,7,大连东方海岸酒店,甘井子区,4.7,102,146.0
333,8,大连盛和祥滨海客栈,大连西岗区,4.9,32,305.0
334,9,大连橙子酒店式公寓(星海广场店),大连市沙河口区,4.8,708,186.0
335,10,商友快捷酒店(大连周水子机场周水前店),甘井子区,4.5,694,171.0
336,11,蜗居酒店式度假公寓(大连蓝湾店)(原美途之家度假公寓蓝湾店),旅顺口区,4.6,303,103.0
337,12,大连太平洋渔港至尊大酒店,普兰店区,4.6,1001,171.0
338,13,全季酒店(大连北站店),甘井子区,4.8,270,381.0
339,14,如家睿柏·云酒店(大连劳动公园武昌街店),中山区,4.6,124,170.0
340,15,大连忆旅阳光客栈,旅顺口区,4.9,60,155.0
341,16,速8酒店大连开发区港西店,开发区,4.7,394,140.0
342,17,大连星海欧尚公寓,沙河口区,4.8,52,273.0
343,18,希岸酒店(大连理工大学店),高新园区,4.5,8,266.0
344,19,金石滩沐海天歌商务宾馆,金州区,4.6,439,156.0
345,20,如家酒店(大连火车站南广场柏威年店),西岗区,4.3,1061,60.0
346,21,大连嘉韵酒店公寓,沙河口区,4.9,224,186.0
347,22,如家酒店(大连中心医院春柳地铁站店),沙河口区,4.4,1025,178.0
348,23,巷子酒店(大连机场迎客路店),甘井子区,4.6,118,183.0
349,24,大连金海风情假日酒店,金州区,4.5,406,119.0
350,0,大连动力时尚宾馆,甘井子区,4.3,264,91.0
351,1,爱情公寓(大连万达广场店),甘井子区,4.6,301,150.0
352,2,如家酒店·neo(大连火车站俄罗斯风情街店),西岗区,4.4,780,161.0
353,3,大连红旗谷高尔夫酒店,甘井子区,4.8,144,722.0
354,4,大连金玉湾宾馆,旅顺口区,4.5,277,206.0
355,5,大连oneday北岛设计师民宿,沙河口区,4.6,82,338.0
356,6,速8酒店(大连西安路店),沙河口区,4.3,100,134.0
357,7,如家酒店·neo(大连开发区轻轨车站万达广场店),金州区,4.4,686,154.0
358,8,大连乐·艺 宿民宿,沙河口区,4.9,124,469.0
359,9,巷子酒店(大连高新区万达广场店),高新园区,4.7,92,194.0
360,10,尚客优酒店(大连旅顺口客运站店),旅顺口区,4.3,398,132.0
361,11,大连海梦酒店,中山区,4.0,311,260.0
362,12,IU酒店(华南广场大连北站店),甘井子区,4.5,325,208.0
363,13,大连布丁酒店马栏广场店,沙河口区,4.2,241,75.0
364,14,古德酒店公寓(大连万达广场店),高新园区,4.3,94,174.0
365,15,百时快捷酒店(大连港湾广场店),中山区,4.4,269,119.0
366,16,大连一期一会青年旅舍,西岗区,4.8,96,55.0
367,17,欧洛可酒店(大连上方港景店),中山区,4.9,34,190.0
368,18,大连漂亮的房子主题公寓,沙河口区,4.8,367,230.0
369,19,如家酒店·neo(大连中山广场天津街店),中山区,4.6,1529,161.0
370,20,润扬嘉悦酒店(大连金州火车站店),金州区,4.6,296,119.0
371,21,良友快捷酒店(大连北站店),甘井子区,4.5,341,103.0
372,22,大连兄弟海景公寓酒店,沙河口区,4.5,500,124.0
373,23,汉庭酒店(大连香炉礁店),西岗区,4.5,371,194.0
374,24,大连天通大酒店,中山区,4.1,1270,125.0
375,0,汉庭酒店(大连五一广场店),西岗区,4.4,588,158.0
376,1,大连凯德精品酒店式公寓(原妃思海景公寓),沙河口区,4.5,114,164.0
377,2,金石滩海景宾馆(大连发现王国店),金州区,4.6,486,156.0
378,3,汉庭酒店(大连开发区万达广场店),金州区,4.7,288,220.0
379,4,大连家客时尚酒店,沙河口区,4.3,246,119.0
380,5,大连星海高尔夫酒店,沙河口区,4.2,365,446.0
381,6,软件园软景E居东阳酒店公寓(大连数码广场店)(原东阳酒店公寓),高新园区,4.9,66,165.0
382,7,大连莉湾精选海景公寓,中山区,4.8,96,395.0
383,8,汉庭酒店(大连机场促进路店),甘井子区,4.2,335,194.0
384,9,如家酒店(大连西安路福佳新天地中长街地铁站店),沙河口区,4.6,814,161.0
385,10,大连奥特莱斯海景公寓,西岗区,4.8,18,158.0
386,11,大连蓝乔公寓,中山区,4.6,55,147.0
387,12,如家酒店(大连普兰店商业大街孛兰路店),普兰店区,4.5,85,142.0
388,13,全季酒店(大连开发区金马路店),金州区,4.8,809,308.0
389,14,大连安盛商务酒店,金州区,4.7,665,236.0
390,15,汉庭酒店(大连和平广场店),沙河口区,4.3,538,234.0
391,16,大连双盛旅馆,甘井子区,4.4,110,57.0
392,17,大连朴庐客栈,旅顺口区,4.7,317,155.0
393,18,大连埃里克酒店,普兰店区,4.7,11,129.0
394,19,大连轩逸精品度假公寓万达广场店,高新园区,4.6,348,182.0
395,20,大连城驿联号酒店,金普新区,4.6,107,173.0
396,21,大连国际酒店公寓,中山区,3.9,1120,149.0
397,22,日月明宾馆(大连火车站民康店),中山区,4.6,421,144.0
398,23,大连三丰酒店,旅顺口区,4.7,178,148.0
399,24,大连花阡谷主题酒店,沙河口区,4.6,499,167.0
400,0,大连米隆酒店,金州区,4.7,32,130.0
401,1,七色海影院酒店(大连开发区万达广场店),金州区,4.7,89,129.0
402,2,大连妙家公寓,沙河口区,4.9,27,179.0
403,3,大连升益主题酒店,中山区,4.3,200,232.0
404,4,大连福家宾馆西安路店,长江路889号（大连兴工街口腔医院后身）区,4.6,168,119.0
405,5,大连逸林祥和商务宾馆,西岗区,4.6,428,81.0
406,6,大连远景自助酒店公寓,沙河口区,4.4,418,184.0
407,7,大连三晋商务酒店,沙河口区,4.2,217,193.0
408,8,大连瑶海商务酒店,西岗区,4.3,242,160.0
409,9,大连万合宾馆,大连中山区,4.7,432,118.0
410,10,大连交通大学宾馆,沙河口区,4.5,74,223.0
411,11,宜必思酒店(大连春柳友谊购物中心店),沙河口区,5.0,6,202.0
412,12,大连阳光花园酒店(原阳光商务客房),金州区,4.7,269,147.0
413,13,华邦宾馆(大连火车站店),中山区,4.5,93,147.0
414,14,大连欣源时尚旅馆,高新园区,4.3,362,57.0
415,15,大连伊家快捷商务宾馆,中山区,4.0,248,76.0
416,16,如家酒店·neo(大连开发区辽河西路店),金州区,4.7,530,199.0
417,17,大连瑞福商务宾馆,金州区,4.6,242,139.0
418,18,大连海轩商务公寓,甘井子区,4.8,156,252.0
419,19,大连珊瑚海情景酒店,开发区,4.6,128,126.0
420,20,大连城宿cosy概念酒店,金州区,4.6,159,161.0
421,21,大连星海高尔夫酒店南楼,沙河口区,4.1,765,237.0
422,22,大连万达公馆10号酒店式公寓,金州区,4.9,190,153.0
423,23,大连一番公寓式酒店,金州区,4.9,47,243.0
424,24,大连国泰春秋酒店公寓,中山区,4.9,94,231.0
425,0,麦子尖精品主题酒店(大连开发区万达广场店),金州区,4.6,103,230.0
426,1,银泰房车露营酒店(大连银沙滩店),西岗区,4.8,61,562.0
427,2,蜜罐酒店(大连三八广场店),中山区,4.4,230,129.0
428,3,大连金茂阳光海岸宾馆,旅顺口区,4.7,121,167.0
429,4,大连铁路天祥旅馆,西岗区,4.2,235,89.0
430,5,大连新雅精品酒店,甘井子区,4.4,478,130.0
431,6,大连新屋宾馆,旅顺口区,4.7,292,138.0
432,7,大连惠泽优选酒店,甘井子区,4.0,27,148.0
433,8,大连怡居酒店式公寓,沙河口区,4.5,59,150.0
434,9,汉庭优佳酒店(大连港湾广场会议中心店),中山区,4.5,28,234.0
435,10,大连数码广场酒店公寓,沙河口区,4.7,91,128.0
436,11,大连福乐享酒店(FU HOTEL),中山区,4.5,1189,101.0
437,12,大连澳嘉商务酒店,西岗区,4.6,219,180.0
438,13,大连天信假日酒店公寓(原万达广场海景3号公寓),高新园区,4.6,316,149.0
439,14,大连半岛心悦酒店,金州区,4.6,78,117.0
440,15,大连和蒲屋日式主题酒店,甘井子区,4.6,209,153.0
441,16,酒店式公寓(大连万达广场店),高新园区,4.7,125,137.0
442,17,大连悦莱酒店式公寓,沙河口区,4.8,96,250.0
443,18,大连亿合之星度假公寓,汇通街4号，华南广场亿合城A1-2301区,4.6,204,115.0
444,19,大连颐和居客栈,金州区,4.6,261,76.0
445,20,大连月亮湾度假村,旅顺口区,4.2,46,356.0
446,21,大连泽泰酒店式公寓,沙河口区,4.6,190,269.0
447,22,大连亿速酒店,大连市甘井子区,4.4,398,147.0
448,23,大连走起酒店,沙河口区,4.8,134,184.0
449,24,大连印象空间客栈,甘井子区,4.6,154,55.0
450,0,大连杰克酒店,中山区,4.5,219,101.0
451,1,大连海浪花公寓,沙河口区,4.7,46,381.0
452,2,大连雷特斯酒店,中山区,4.7,193,265.0
453,3,夜蒲之夜主题酒店(大连火车站店),西岗区,4.4,912,119.0
454,4,大连汀拾捌观海美宿,大连金州区,4.6,198,428.0
455,5,星海四季酒店公寓(大连星海广场店)(原小芳酒店式公寓),沙河口区,4.8,344,336.0
456,6,唯忆精品酒店式公寓(大连星海广场店),沙河口区,4.3,176,200.0
457,7,大连怡居快捷酒店,金州区,4.5,149,92.0
458,8,大连Wild Sea Hostel野海美宿,沙河口区,4.4,190,943.0
459,9,大连海宝旅馆,沙河口区,4.6,169,73.0
460,10,大连溢宾宾馆,西岗区,4.7,101,100.0
461,11,大连香珺阁酒店,甘井子区,4.3,218,229.0
462,12,星程酒店(大连机场万达广场店),甘井子区,4.7,7,238.0
463,13,大连荔枝蜜精品酒店,中山区,4.5,280,147.0
464,14,格林豪泰(大连开发区安盛广场店),金州区,4.3,470,133.0
465,15,大连悦庭酒店式公寓,金州区,4.8,199,119.0
466,16,大连良运传琦温泉酒店,普兰店区,4.6,39,3729.0
467,17,大连拾宿青旅,沙河口区,4.7,16,48.0
468,18,大连民航大厦,西岗区,4.3,218,500.0
469,19,摩登club体验公寓(大连星海广场店),沙河口区,4.6,273,278.0
470,20,格林豪泰酒店(大连金州桃园小区鸿伟澜山轻轨站店),金州区,4.5,126,151.0
471,21,大连海云假日酒店,金州区,4.7,83,119.0
472,22,大连碧海馨酒店,高新园区,4.6,485,923.0
473,23,OYO大连禧龙精品主题宾馆,甘井子区,4.3,236,98.0
474,24,大连仁合商务旅馆,金州区,4.8,94,72.0
475,0,大连万悦精品酒店,沙河口区,4.2,335,158.0
476,1,大连恩吉酒店式公寓星海百年汇店,沙河口区,4.4,218,218.0
477,2,速8酒店(大连人民广场北京街店),西岗区,4.1,294,117.0
478,3,大连易家Hotel精选公寓,中山区,4.5,146,174.0
479,4,大连和鸿酒店,普兰店区,4.7,179,109.0
480,5,大连晴海假日宾馆,沙河口区,4.6,22,199.0
481,6,大连软件园涉外商务服务中心酒店公寓,沙河口区,4.7,41,184.0
482,7,大连盛轩客舍,甘井子区,4.6,288,86.0
483,8,大连旖旎Life主题公寓,沙河口区,4.9,57,722.0
484,9,大连丘比特公寓式酒店,甘井子区,4.6,254,174.0
485,10,大连余光艺术公寓,金州区,4.9,19,117.0
486,11,大连普兰店金海岸大酒店,普兰店区,4.3,143,87.0
487,12,大连名思特民宿,金州区,5.0,15,126.0
488,13,哈铁大连宾馆,中山区,4.2,43,186.0
489,14,大连芒果精选酒店,中山区,4.3,27,52.0
490,15,中国华录宾馆,高新园区,4.5,97,288.0
491,16,OYO大连工大客舍,甘井子区,4.6,35,135.0
492,17,OYO大连华龙宾馆,金州区,5.0,19,110.0
493,18,大连理工大学国际会议中心(原理工大学学术交流公寓),甘井子区,4.3,15,398.0
494,19,大连小毛驴时尚青年酒店(原蓝都宾馆),中山区,4.0,155,37.0
495,20,尚客优快捷酒店(大连金州店),金州区,4.6,187,110.0
496,21,全季酒店(大连机场店),甘井子区,4.8,415,130.0
497,22,大连亿嘉酒店,甘井子区,4.5,332,202.0
498,23,格林豪泰(大连机场新区辛寨子智选店),甘井子区,4.5,6,189.0
499,24,大连漫都酒店式公寓(原万达静雅酒店式公寓),甘井子区,4.9,43,137.0
500,0,大连世元国际商务宾馆,金州区,4.6,149,138.0
501,1,大连择海居酒店式公寓,沙河口区,4.8,1575,258.0
502,2,大连凯瑞商务宾馆,甘井子区,4.4,55,103.0
503,3,大连五光十色主题宾馆,中山区,4.3,197,82.0
504,4,万爱情侣酒店(大连华南广场店),大连甘井子区,4.8,372,183.0
505,5,汉庭酒店(大连开发区安盛广场店),金州区,4.6,201,220.0
506,6,大连北站好运来宾馆,甘井子区,4.7,824,78.0
507,7,大连优客主题酒店旅顺开发区店,旅顺口区,4.5,298,86.0
508,8,大连君得意宾馆,望海街39号区,4.6,65,138.0
509,9,大连芭比梦海景宾馆,高新园区,4.8,60,163.0
510,10,格林豪泰酒店(大连甘井子区国际机场东纬路地铁站店),甘井子区,4.1,326,105.0
511,11,大连星海广场云轩酒店公寓,沙河口区,4.4,42,223.0
512,12,大连雅居阁客舍,甘井子区,4.7,71,56.0
513,13,大连君豪商务宾馆,金州区,4.6,203,137.0
514,14,大连三八广场柠檬树公寓,中山区,4.9,17,189.0
515,15,和隆主题宾馆(大连华南广场店),甘井子区,4.4,119,129.0
516,16,唯一精品公寓酒店(大连星海广场店)(原星海广场杰特店),沙河口区,4.3,525,219.0
517,17,OYO大连佳廷商务酒店,沙河口区,4.3,145,78.0
518,18,大连骏虹旅馆,沙河口区,4.8,140,135.0
519,19,莫泰168(大连金州安盛购物广场和平路轻轨站店),金州区,4.5,796,89.0
520,20,大连天使遇见海精品主题公寓,沙河口区,4.7,259,236.0
521,21,大连优优之家青年客舍,西岗区,4.2,347,38.0
522,22,大连晟诚快捷旅馆,甘井子区,4.5,33,103.0
523,23,大连金昌客舍,甘井子区,4.6,363,157.0
524,24,三米空间酒店(大连开发区万达广场店),金州区,4.7,93,146.0
525,0,三米空间酒店(大连开发区万达广场店),金州区,4.7,93,146.0
526,1,大连小驿轻奢假日酒店,金州区,4.8,22,138.0
527,2,大连黑石礁辰熙星海国际梦之蓝公寓,沙河口区,4.7,158,189.0
528,3,OYO大连恋家快捷旅馆,沙区,4.0,117,94.0
529,4,大连拾光客舍,甘井子区,4.8,30,77.0
530,5,大连新凤旅社,西岗区,4.3,19,94.0
531,6,大连未知度咖啡青年旅店,沙河口区,4.6,294,38.0
532,7,大连民航假日酒店付家庄店,中山区,4.4,259,197.0
533,8,大连圣府度假公寓,甘井子区,4.8,44,157.0
534,9,大连星海桐家宾馆,沙河口区,4.7,72,209.0
535,10,大连星海凯悦公寓,沙河口区,4.4,345,175.0
536,11,大连源缘宾馆,沙河口区,4.2,20,83.0
537,12,大连星海城际客缘酒店,沙河口区,4.2,530,465.0
538,13,大连一抹阳光假日公寓,金州区,4.7,154,121.0
539,14,莫泰168(大连开发区辽河西路民族学院店),金州区,4.7,630,144.0
540,15,大连发国大酒店,普兰店区,4.7,513,670.0
541,16,大连星海海景公寓式宾馆,沙河口区,4.8,59,322.0
542,17,大连潮悦国际酒店,沙河口区,4.2,329,310.0
543,18,大连嘉和广场温馨公寓,中山区,4.6,191,129.0
544,19,大连辽检酒店,金州区,4.7,74,187.0
545,20,大连阿曼波商务宾馆,金州区,4.3,111,94.0
546,21,大连豪享居宾馆,西岗区,4.5,268,68.0
547,22,大连东方假日酒店式公寓,沙河口区,5.0,14,423.0
548,23,大连听海酒店式公寓,沙河口区,4.0,45,147.0
549,24,汉庭酒店(大连马栏广场地铁站店),甘井子区,4.6,739,158.0
550,0,汉庭酒店(大连开发区轻轨站店),金州区,4.9,7,229.0
551,1,大连云海美地公寓式酒店,甘井子区,4.7,95,252.0
552,2,大连开泰旅馆,西岗区,4.5,74,60.0
553,3,大连爱亢酒店白山路店,星海广场附近，近和平广场商圈及西安路商圈区,4.6,205,84.0
554,4,大连亿成商务酒店,西岗区,3.7,464,93.0
555,5,大连蓝海旅馆,旅顺口区,4.6,96,80.0
556,6,大连旅顺影视之家商务酒店,旅顺口区,4.6,117,229.0
557,7,大连沃丰酒店,旅顺口区,4.0,183,183.0
558,8,大连有情客栈,中山区,4.3,97,139.0
559,9,大连微沃青年酒店,沙河口区,4.3,117,93.0
560,10,大连市中山区燕窝岭花园酒店,中山区,4.0,214,239.0
561,11,优家商务酒店公寓(大连华南广场店),甘井子区,4.8,237,153.0
562,12,大连空间栈酒店,旅顺口区,4.4,81,163.0
563,13,OYO大连金景商务宾馆,金州区,4.4,33,172.0
564,14,汉庭酒店(大连开发区金马路店),金州区,4.4,137,158.0
565,15,大连嘉逸和国际酒店,中山区,4.0,202,136.0
566,16,大连取舍设计师酒店公寓,沙河口区,4.5,101,196.0
567,17,大连7号旅店,金州区,4.8,71,90.0
568,18,大连欣昱家聚宾馆,沙河口区,4.4,196,133.0
569,19,大连斐琳Feeling主题公寓,沙河口区,4.5,15,242.0
570,20,大连星海彼岸酒店公寓,沙河口区,4.8,449,223.0
571,21,大连悦海商务主题宾馆,旅顺口区,4.6,88,114.0
572,22,大连Alure-Love爱情公寓,沙河口区,4.3,38,123.0
573,23,骏怡连锁酒店(大连万达广场店),高新园区,4.6,884,190.0
574,24,大连金色海岸酒店,沙河口区,4.1,128,91.0
575,0,机场万科金域华府公寓式家庭酒店,甘井子区,4.9,43,265.0
576,1,大连旅顺口亚朵酒店,旅顺口区,4.9,51,303.0
577,2,大连X轻奢雅致公寓酒店,沙河口区,4.9,121,208.0
578,3,海创大连科技交流中心(海创建国饭店),高新园区,4.7,720,559.0
579,4,大连九栖酒店,沙河口区,4.8,621,288.0
580,5,阿房生酒店(大连星海广场百年汇店),沙河口区,4.5,1131,189.0
581,6,大连丰源大酒店,中山区,4.3,699,299.0
582,7,大连途家斯维登服务公寓(金石滩店)(原发现王国),金州区,4.7,1173,268.0
583,8,华悦酒店式公寓(大连火车站港汇中心店),中山区,4.7,1032,208.0
584,9,星程酒店(大连火车站店),中山区,4.7,1217,459.0
585,10,大连十洲云水酒店,沙河口区,4.1,562,338.0
586,11,大连再泊居别墅式酒店,金州区,4.4,543,111.0
587,12,大连海天白云大酒店,西岗区,4.2,1108,546.0
588,13,大连斯维登服务公寓(开发区万达广场),金州区,4.7,1560,289.0
589,14,大连旅顺开世温泉度假酒店(原旅顺(天沐)温泉度假酒店),旅顺口区,4.6,437,558.0
590,15,大连欢墅度假别墅(金石滩鲁能优山美地),金石滩金石路57号逸海园西门3-2办公室区,4.9,184,1279.0
591,16,星海金牌酒店(大连星海广场百年汇店),沙河口区,4.4,765,207.0
592,17,Q加·港汇酒店式公寓(大连星海广场店),沙河口区,4.8,6636,428.0
593,18,大连船舶丽湾大酒店,中山区,4.4,2668,429.0
594,19,大连仟谕酒店,中山区,4.6,649,202.0
595,20,大连香格里拉大酒店,中山区,4.7,5034,865.0
596,21,大连星海假日酒店,沙河口区,4.5,11320,902.0
597,22,大连一方城堡豪华精选酒店,沙河口区,4.6,5886,1458.0
598,23,大连富丽华大酒店,中山区,4.6,5165,589.0
599,24,大连中远海运洲际酒店(原大连远洋洲际酒店),中山区,4.6,3026,686.0
600,0,大连1986快捷酒店,旅顺口区,4.4,48,90.0
601,1,大连星海雅阁公寓式酒店,沙河口区,4.6,990,338.0
602,2,如家精选酒店(大连高新园区万达广场店),高新园区,4.8,880,350.0
603,3,海友酒店(大连马栏广场店地铁站店),沙河口区,4.4,267,126.0
604,4,西中岛阳光海岸度假村,近郊瓦房店市交流岛乡桑屯村洪西头浴场 地图区,5.0,6,189.0
605,5,汉庭酒店(大连金州陶瓷城店),金州区,4.3,195,131.0
606,6,大连河畔宾馆,旅顺口区,4.6,336,103.0
607,7,号主题旅馆(大连远洋时代城店),金州区,4.6,75,75.0
608,8,大连世茂御龙海湾温泉酒店,金州区,4.9,135,459.0
609,9,大连时代主题宾馆(大连大学店),金州区,4.6,15,103.0
610,10,大连旭日酒店式公寓,沙河口区,4.4,109,129.0
611,11,大连洪大快捷主题宾馆,金州区,4.4,33,119.0
612,12,大连YES快捷酒店,金州区,4.2,272,104.0
613,13,大连金地主题宾馆,旅顺口区,4.7,94,95.0
614,14,大连夏日阳光主题公寓,金州区,4.9,36,136.0
615,15,OYO大连金域宾馆,旅顺口区,4.5,37,100.0
616,16,大连明捷软景E居酒店式公寓,沙河口区,4.9,79,135.0
617,17,大连温馨度假别墅宾馆,旅顺口区,4.8,13,127.0
618,18,淡蓝色客栈（大连宜和店）,旅顺口区,4.8,125,114.0
619,19,大连金沙滩山海楼酒店,西岗区,4.0,22,87.0
620,20,大连蓝思诺快捷酒店,甘井子区,4.5,161,124.0
621,21,大连宜家居公寓式酒店,中山区,4.8,101,173.0
622,22,锦江之星(大连开发区金马路轻轨车站店),金州区,4.8,1387,169.0
623,23,大连海雅阁客舍,西岗区,4.4,115,165.0
624,24,天连锁酒店(大连普兰店商业街店),普兰店区,4.4,229,139.0
625,0,大连辽师青年旅店,沙河口区,4.5,79,85.0
626,1,大连海角七号青年旅舍,甘井子区,4.4,369,68.0
627,2,大连大马猴民宿·都市青年客栈,西岗区,4.7,261,46.0
628,3,汉庭酒店(大连西安路店),沙河口区,4.3,175,234.0
629,4,大连飞跃酒店式公寓,金州区,4.8,154,183.0
630,5,华盈大酒店,旅顺口区,4.0,84,198.0
631,6,大连壹品星海伊典酒店式公寓,沙河口区,4.6,36,254.0
632,7,如家酒店·neo(大连金州火车站向应公园五一路店),金州区,4.4,308,127.0
633,8,船舶明珠酒店(大连火车站店),西岗区,4.5,146,337.0
634,9,大连北马山庄,金州区,4.5,104,3500.0
635,10,大连桃源酒店,中山区,4.6,762,328.0
636,11,大连华海公寓,中山区,5.0,5,218.0
637,12,大连北海青年旅馆,西岗区,4.7,16,42.0
638,13,大连朗悦私房定制酒店,中山区,4.4,131,119.0
639,14,大连南航明珠大酒店,甘井子区,4.6,3428,618.0
640,15,大连新星致家酒店式公寓,沙河口区,4.8,172,193.0
641,16,大连艾吧主题宾馆,金州区,4.5,150,107.0
642,17,大连宝湾主题宾馆,旅顺口区,4.5,84,95.0
643,18,大连星海风情酒店式公寓,沙河口区,4.6,165,223.0
644,19,大连星海广场最星海酒店式公寓,沙河口区,4.6,108,291.0
645,20,大连早安公园高级服务公寓,金州区,4.6,404,191.0
646,21,夜蒲之夜酒店(大连黄河路店),沙河口区,4.4,583,117.0
647,22,宜必思酒店(大连星海公园店),沙河口区,0.0,4,293.0
648,23,大连万达海棠湾海景假日宾馆,大连市甘井子区,5.0,23,203.0
649,24,大连外滩商务宾馆,普兰店区,4.7,111,73.0
650,0,OYO大连宜家快捷旅店,甘井子区,4.2,229,70.0
651,1,大连旅顺6+9主题宾馆,旅顺口区,4.5,90,95.0
652,2,大连燕巢酒店式公寓,高新园区,4.5,39,374.0
653,3,大连悦海书苑青年旅舍,金州区,4.9,217,27.0
654,4,大连喜洋洋宾馆,沙河口区,4.3,66,92.0
655,5,大连兰庭快捷宾馆,金州区,4.8,70,144.0
656,6,大连金海岸旅馆,旅顺口区,4.5,86,118.0
657,7,大连嘉慕酒店,金州区,4.4,15,366.0
658,8,大连译隆宾馆,中长东五街37-1号区,4.0,23,55.0
659,9,大连南山别墅酒店,中山区,4.9,68,409.0
660,10,家馨宾馆(大连星海广场店),沙河口区,4.8,67,151.0
661,11,大连看海公寓,沙河口区,4.5,42,188.0
662,12,大连嘉信国际大酒店,中山区,3.9,562,454.0
663,13,大连宿·漫时光客栈,甘井子区,4.7,9,165.0
664,14,驿家365连锁酒店(大连甘井子店),甘井子区,4.7,331,219.0
665,15,大连科洋大酒店,普兰店区,4.0,161,222.0
666,16,大连那些年西海湾客栈,甘井子区,4.8,24,118.0
667,17,海友酒店(大连机场店),甘井子区,4.3,355,136.0
668,18,大连金石滩左岸时光主题宾馆,金州区,4.1,103,97.0
669,19,大连星海城市酒店公寓,东方星海B座3004区,4.6,44,588.0
670,20,大连大河之房旅馆,甘井子区,5.0,8,296.0
671,21,大连阳光居宾馆,高新园区,3.6,335,128.0
672,22,星海岸酒店(大连高新园区万达广场店),高新园区,4.6,204,159.0
673,23,大连富有大酒店,金州区,4.5,33,204.0
674,24,大连金鑫假日公寓酒店,沙河口区,4.4,342,294.0
675,0,大连梦幻海景自助公寓,沙河口区,4.3,279,124.0
676,1,中国煤矿工人大连疗养院,西岗区,4.2,344,385.0
677,2,大连博洋客舍(富民广场店),沙河口区,4.3,29,78.0
678,3,金龙旅店(大连海事大学店),沙河口区,4.2,76,71.0
679,4,大连元通客舍,西岗区,4.2,52,45.0
680,5,鸿霖大酒店(大连火车站店),中山区,3.9,655,88.0
681,6,大连南山别墅酒店,中山区,4.9,68,409.0
682,7,大连温馨园客栈,金州区,4.6,36,53.0
683,8,大连软景E居涉外酒店式公寓,大连沙河口区,4.7,68,195.0
684,9,大连星海之家酒店式公寓,沙河口区,4.9,118,678.0
685,10,大连乐家主题宾馆,金州区,4.3,141,63.0
686,11,大连遇海拾光民宿,金州区,4.7,15,364.0
687,12,大连至如意旅馆,西岗区,4.8,43,62.0
688,13,爱亢酒店(大连万岁街店),沙河口区,3.7,162,81.0
689,14,OYO大连原田宾馆,甘井子区,4.8,13,97.0
690,15,大连唐山街宾馆,西岗区,4.3,45,428.0
691,16,大连旅顺平益旅店,旅顺口区,4.4,12,107.0
692,17,大连三星海辉酒店公寓,高新园区,4.6,60,153.0
693,18,大连维多利亚天禧公寓,中山区,4.4,16,332.0
694,19,大连南湖宾馆金石滩店,金州区,4.0,99,76.0
695,20,大连客来居旅馆,旅顺口区,4.7,24,71.0
696,21,大连梦尚轩海景公寓,中山区,4.9,233,158.0
697,22,OYO大连中鸦酒店,旅顺口区,4.8,10,57.0
698,23,大连媛媛的民舍,金州区,5.0,15,573.0
699,24,大连美食美客酒店,甘井子区,4.2,169,97.0
700,0,大连国门宾馆,中山区,4.3,6,427.0
701,1,旭鸿酒店式公寓(大连万达广场店),高新园区,4.6,92,594.0
702,2,大连蓝洋都市宾馆,甘井子区,4.5,667,114.0
703,3,大连祥和客舍,甘井子区,5.0,10,135.0
704,4,大连西岗区滨海的夜客舍,西岗区,4.6,67,290.0
705,5,OYO大连爱心主题宾馆,西岗区,4.6,16,134.0
706,6,大连锦源主题连锁宾馆,甘井子区,4.8,49,164.0
707,7,铭门时尚快捷酒店(大连开发区轻轨站万达广场店),金州区,4.4,137,72.0
708,8,大连博特公寓,沙河口区,4.9,82,265.0
709,9,大连华信技术交流中心,甘井子区,4.7,9,366.0
710,10,大连精瑞左岸经典酒店式公寓,金州区,4.8,119,120.0
711,11,大连囍来酒店,甘井子区,4.6,50,293.0
712,12,大连豪门宾馆,甘井子区,4.2,42,79.0
713,13,大连星海复式公寓,沙河口区,4.4,13,152.0
714,14,星海典藏精选loft酒店公寓(大连星海广场店)(原杰特酒店式公寓),沙河口区,4.8,122,289.0
715,15,大连星海天和宾馆,沙河口区,4.3,53,130.0
716,16,大连58客舍,西岗区,4.4,58,72.0
717,17,大连宇佳商务旅馆,沙河口区,4.3,145,94.0
718,18,大连尚客酒店式公寓万达广场店,甘井子区,4.6,55,153.0
719,19,大连东城旅店,金州区,4.5,195,85.0
720,20,大连爱尚宾馆,高新园区,4.2,137,116.0
721,21,大连金佰家酒店,中山区,3.4,313,168.0
722,22,如家酒店(大连奥林匹克广场同泰街店),沙河口区,4.4,965,283.0
723,23,大连仁可客舍,沙河口区,4.4,12,71.0
724,24,大连乾璐精品酒店,金州区,4.6,265,114.0
725,0,和隆宾馆(大连甘新街店),甘井子区,4.0,62,81.0
726,1,大连朗和怡家酒店,中山区,4.1,159,142.0
727,2,OYO大连达里尼宾馆,沙河口区,4.4,194,99.0
728,3,大连沐莲宾馆,沙河口区,4.5,129,209.0
729,4,新世佳民宿(大连金石滩发现王国店),金州区,4.6,153,125.0
730,5,青春酒店式公寓(大连星海广场店),沙河口区,4.6,380,277.0
731,6,大连星海呦游轻奢酒店公寓,沙河口区,4.9,256,260.0
732,7,大连渔公码头·九龙湾全海景酒店,金州区,4.5,336,209.0
733,8,大连酒久99快捷主题宾馆,甘井子区,4.0,268,129.0
734,9,十六号民宿(大连港湾广场店),中山区,4.8,255,99.0
735,10,舒雅宾馆(大连机场店),甘井子区,4.1,94,133.0
736,11,OYO大连凯元商务宾馆,金州区,4.5,315,208.0
737,12,大连宏源舒雅宾馆,金州区,4.6,54,193.0
738,13,大连金顺宾馆旅顺路店,旅顺口区,4.1,48,133.0
739,14,大连青蛙酒店开发区安盛店,金州区,4.6,116,104.0
740,15,大连远洋之星精品度假公寓(原阳光爱度假酒店式公寓),甘井子区,4.9,44,188.0
741,16,大连熙晴酒店,沙河口区,4.8,228,369.0
742,17,联惠居家主题酒店(大连港湾广场店),中山区,4.4,483,200.0
743,18,大连金辉商务宾馆,沙河口区,3.3,182,92.0
744,19,大连广运来客房,甘井子区,4.7,47,155.0
745,20,汉庭优佳酒店(大连辽师大地铁站店),沙河口区,0.0,3,238.0
746,21,大连碧林轩酒店,西岗区,4.0,91,71.0
747,22,大连金鹤宾馆,沙河口区,4.3,65,144.0
748,23,OYO大连金沙客舍,中山区,3.7,252,119.0
749,24,大连罗曼假日酒店式公寓,高新园区,4.6,44,143.0
750,0,大连四时海语民宿,中山区,4.8,54,1756.0
751,1,大连简约旅馆,旅顺口区,4.5,25,72.0
752,2,大连诚信左岸经典酒店式公寓,开发区,4.8,89,128.0
753,3,大连连城酒店友好广场店,大连中山区,4.3,141,98.0
754,4,大连环岛假日酒店(原大连袖珍快捷酒店),西岗区,4.3,194,128.0
755,5,大连金石印象假日酒店,金州区,4.4,253,202.0
756,6,大连海之梦旅馆,旅顺口区,4.1,27,42.0
757,7,鑫鑫酒店式公寓(大连万达广场店),高新园区,4.5,216,153.0
758,8,大连天安旅馆,沙河口区,4.4,57,62.0
759,9,大连欧吧四季宾馆,普兰店区,4.9,64,33.0
760,10,大连缘分旅馆,甘井子区,4.5,44,73.0
761,11,儒驿酒店(大连开发区大学城店),大连金州区,4.4,112,184.0
762,12,大连万鑫达宾馆,金州区,4.4,59,58.0
763,13,大连爱莱达精品酒店,甘井子区,4.8,11,119.0
764,14,大连古蒂主题酒店,金州区,4.5,149,98.0
765,15,大连锦华宾馆,辽宁省大连市中山区,4.1,39,118.0
766,16,大连优悠之家,高新园区,4.5,51,62.0
767,17,大连幸福驿站酒店式公寓,沙河口区,4.9,134,277.0
768,18,大连新世佳酒店式公寓,中山区,4.7,182,198.0
769,19,大连美廉客家酒店式公寓,沙河口区,4.7,30,169.0
770,20,OYO大连新百合客舍,甘井子区,4.2,18,47.0
771,21,大连普兰店乐家商务宾馆,普兰店区,4.3,161,91.0
772,22,越鑫旅馆(大连辽师店),沙河口区,4.2,41,86.0
773,23,大连金石滩海洋风情度假公寓,金州区,4.7,116,112.0
774,24,大连金石滩大商嘉华假日公寓式酒店一部,金州区,4.4,147,116.0
775,0,OYO大连龍疆宾馆,旅顺口区,5.0,8,164.0
776,1,星海会展酒店式公寓(大连希爱斯店),沙河口区,4.7,28,235.0
777,2,海洋假日公寓东方星海店,沙河口区,4.6,297,284.0
778,3,大连华晟快捷酒店,金州区,4.4,82,85.0
779,4,大连蓝湾丹鸿假日酒店公寓,旅顺口区,4.8,23,114.0
780,5,大连阳光之家家庭宾馆,高新园区,4.6,62,75.0
781,6,大连和隆府主题宾馆,甘井子区,4.2,57,117.0
782,7,大连恒鑫隆公寓酒店(原致青春时尚公寓酒店),沙河口区,4.2,23,146.0
783,8,大连德福快捷酒店,中山区,4.2,39,133.0
784,9,大连源泉七号太空舱青年客舍,甘井子区,5.0,25,54.0
785,10,大连海知缘公寓式酒店,沙河口区,4.7,100,202.0
786,11,大连浪庭时尚宾馆,甘井子区,4.4,57,208.0
787,12,大连海天公寓,金州区,4.5,32,138.0
788,13,大连喜静元旅社,大连西岗区,4.3,76,123.0
789,14,大连宜和快捷宾馆,西岗区,4.6,174,185.0
790,15,大连国泰港汇公寓(原星莱尔酒店式公寓),中山区,4.6,573,366.0
791,16,大连天辰宾馆,甘井子区,4.6,359,112.0
792,17,OYO大连君客来宾馆,高新园区,4.0,64,195.0
793,18,大连苏冠酒店,普兰店区,4.7,34,173.0
794,19,OYO大连半岛清苑宾馆,甘井子区,4.0,12,102.0
795,20,大连玫瑰园酒店,普兰店区,5.0,11,192.0
796,21,大连夏末花开酒店,金州区,4.9,37,80.0
797,22,万客居酒店式公寓(大连开发区店),金州区,4.9,234,127.0
798,23,大连泊居商务宾馆,金州区,5.0,6,110.0
799,24,大连伯纳乌自助酒店式公寓,沙河口区,4.4,48,217.0
800,0,大连梦之夜主题公寓,高新园区,4.3,111,133.0
801,1,大连开发区时代城田田旅店,金州区,4.4,79,105.0
802,2,大连久久客源酒店式公寓,高新园区,4.6,35,258.0
803,3,大连上善若水商务酒店,金州区,4.7,12,104.0
804,4,Uhome精臻公寓式青年旅社(大连西安路店),沙河口区,4.9,9,43.0
805,5,大连玉兰客舍,旅顺口区,4.9,11,105.0
806,6,大连鑫萃源酒店,中山区,3.9,17,131.0
807,7,大连婉题酒店式公寓,普照街50号国泰港汇中心区,5.0,58,157.0
808,8,大连米兰假日宾馆,西岗区,4.7,20,116.0
809,9,大连素舍精品客栈,大连金州区,4.3,78,73.0
810,10,大连淡蓝色主题客舍,旅顺口区,4.6,101,123.0
811,11,大连馨苑旅馆,甘井子区,4.7,11,81.0
812,12,大连鑫鹏旅馆,沙河口区,4.6,192,67.0
813,13,大连小当家酒店式公寓,东港商务区,4.3,61,161.0
814,14,大连爱斯星海酒店式公寓,沙河口区,4.4,718,212.0
815,15,大连红苹果主题酒店,西岗区,4.4,280,103.0
816,16,大连中原宾馆,大连中山区,4.7,22,131.0
817,17,大连悦林酒店,大连甘井子区,4.3,55,138.0
818,18,大连十点整主题宾馆,金州区,4.4,156,84.0
819,19,大连小雨旅舍,沙河口区,4.5,25,183.0
820,20,大连安达快捷酒店,甘井子区,4.5,40,119.0
821,21,大连间隔年间青旅,沙河口区,4.3,443,50.0
822,22,大连五洲旅馆,西岗区,4.4,12,61.0
823,23,大连星海豪庭酒店公寓和平广场店,沙河口区,4.6,137,221.0
824,24,大连沿海缘宿公寓式宾馆,甘井子区,4.8,120,360.0
825,0,大连中山希尔顿欢朋酒店,中山区,4.9,95,666.0
826,1,精选 大连九州国际大酒店,中山区,4.5,4929,483.0
827,2,大连都市精品酒店,西岗区,4.8,2756,90.0
828,3,大连橡树公馆,金州区,4.7,1214,300.0
829,4,大连百年汇豪生酒店,沙河口区,4.5,3302,755.0
830,5,非繁冰谷酒店(大连春柳地铁站店),沙河口区,4.7,314,268.0
831,6,大连斐亚国际酒店,金州区,4.7,123,268.0
832,7,大连亿锋豪景酒店,金州区,4.7,2663,350.0
833,8,大连加州酒店,中山区,4.5,279,246.0
834,9,大连泰达美爵酒店,中山区,4.5,946,808.0
835,10,大连清怡酒店式公寓,沙河口区,4.9,402,193.0
836,11,大连欢墅精品度假酒店,联合路三春街交汇处国资创新大厦1120区,4.7,263,159.0
837,12,宜客宜家精品主题酒店(大连星海公园海景店),沙河口区,4.9,6349,526.0
838,13,大连雅乐轩酒店,中山区,4.7,2051,649.0
839,14,大连微家星海精品酒店,沙河口区,4.6,1330,1691.0
840,15,喜莱德海景公寓式酒店(大连国际会议中心店),中山区,4.8,1378,303.0
841,16,Q加·大连星海广场诚品酒店公寓,沙河口区,4.8,1318,181.0
842,17,大连中辰国际公寓,高新园区,4.7,1170,215.0
843,18,大连战友之家海景公寓酒店,中山区,4.8,1559,244.0
844,19,联合庭院青旅酒店(大连火车站店),西岗区,4.7,2186,48.0
845,20,大连海尚友嘉酒店,西岗区,4.7,473,321.0
846,21,天连锁酒店(大连西安路商业中心兴工街地铁站店),沙河口区,4.7,2237,159.0
847,22,大连易嘉公寓式酒店良运四季汇店,中山区,4.6,153,172.0
848,23,天优品酒店(大连星海广场西安路地铁站店),沙河口区,4.5,252,189.0
849,24,雪鸮国际青年公寓(大连火车站店),中山区,4.7,1922,186.0
850,0,大连斯寓度假公寓,甘井子区,4.3,454,154.0
851,1,大连蓝海湾旅店,甘井子区,4.6,52,87.0
852,2,大连城市印象酒店式公寓,沙河口区,4.7,33,133.0
853,3,大连甜园旅店,金州区,4.4,44,185.0
854,4,大商嘉华假日公寓式酒店(大连四部),金州区,4.6,137,118.0
855,5,大连圣林旅馆,金州区,4.7,14,51.0
856,6,大连澜海商务宾馆,金州区,4.0,118,112.0
857,7,大连泓利宾馆,沙河口区,4.9,14,71.0
858,8,大连恋宾旅店,金州区,4.1,34,71.0
859,9,大连壹方休闲公寓周水前店,甘井子区,4.7,39,156.0
860,10,大连安步旅宿,中山区,4.8,65,399.0
861,11,大连浪漫之家公寓,金州区,5.0,78,113.0
862,12,海景豪华公寓(大连星海广场店),沙河口区,4.1,362,218.0
863,13,大连和平海景公寓,沙河口区,4.0,283,216.0
864,14,鼎晖商务宾馆(大连北站店),甘井子区,4.2,99,109.0
865,15,大连启航海景酒店式公寓万达广场店,高新园区,4.6,195,363.0
866,16,大连海航绿洲客舍,沙河口区,4.1,85,72.0
867,17,大连国华假日宾馆,中山区,4.5,182,156.0
868,18,大连呜哈爱情公寓,沙河口区,4.7,64,164.0
869,19,大连美琳宾馆,沙河口区,4.2,65,95.0
870,20,大连鑫缘左岸经典酒店式公寓,开发区,5.0,28,126.0
871,21,大连爱尚国际青年旅舍,西岗区,4.0,18,45.0
872,22,大连怡家快捷宾馆,普兰店区,4.7,56,71.0
873,23,大连丰合快捷酒店,沙河口区,4.7,12,127.0
874,24,大连唯美酒店式公寓,旅顺口区,4.8,78,199.0
875,0,大连园野客舍,沙河口区,4.2,81,76.0
876,1,大连宝华旅馆,中山区,4.1,18,164.0
877,2,大连爱玛主题宾馆,甘井子区,4.3,70,144.0
878,3,大连星海圣博公寓   ,沙河口区,4.8,62,299.0
879,4,大连汝家当代生活空间宾馆,甘井子区,4.1,60,95.0
880,5,大连腾跃左岸经典酒店式公寓,金州区,4.8,92,294.0
881,6,大连静雅思酒店式公寓,金州区,4.1,42,135.0
882,7,大连鑫祥宾馆青年公寓,西岗区,4.7,36,62.0
883,8,大连煜彤酒店式公寓,中山区,4.1,51,154.0
884,9,大连绿之都大酒店,沙河口区,3.3,58,261.0
885,10,大连红桦宾馆,西岗区,4.3,65,76.0
886,11,大连金州佰林快洁酒店,金州区,4.4,207,72.0
887,12,大连家一家快捷酒店,金州区,4.8,15,126.0
888,13,一鸣快捷宾馆(大连旅顺龙河店),旅顺口区,4.5,52,116.0
889,14,大连映山旅馆,旅顺口区,4.0,35,39.0
890,15,大连中南商务宾馆,西岗区,4.4,59,105.0
891,16,天连锁酒店(大连星海公园黑石礁软件园店),沙河口区,4.3,1526,210.0
892,17,如约连锁家庭式酒店公寓(大连华南北府茗苑店),甘井子区,4.7,56,166.0
893,18,大连索菲雅公寓,高新园区,4.4,66,77.0
894,19,OYO大连顺福来快捷酒店,甘井子区,4.6,53,113.0
895,20,大连海缘韵宾馆,金州区,4.4,21,91.0
896,21,大连海之达休闲公寓星海广场店,沙河口区,4.6,136,290.0
897,22,大连京都商务宾馆,普兰店区,4.0,33,81.0
898,23,大连儒家客栈,甘井子区,4.6,24,105.0
899,24,大连初心客栈,旅顺口区,4.4,21,92.0
900,0,大连明捷左岸经典酒店式公寓,金州区,4.4,202,114.0
901,1,大连芒果旅馆(原海兴旅店),旅顺口区,4.6,60,82.0
902,2,大连通化快捷旅社,金州区,4.8,34,81.0
903,3,大连星海希爱斯公寓,沙河口区,4.3,30,108.0
904,4,大连金石滩美家旅馆,辽宁省大连经济技术开发区,4.6,41,95.0
905,5,我去青年旅舍(星海公园店),沙河口区,4.9,27,43.0
906,6,金石滩发现红橡树主题宾馆,金州区,4.6,33,162.0
907,7,大连万达橡日主题海景公寓(原橡日主题酒店公寓),高新园区,4.7,102,485.0
908,8,大连老兵客房,甘井子区,4.2,47,121.0
909,9,大连金色假日公寓式酒店,沙河口区,4.7,68,164.0
910,10,OYO大连艺凡主题宾馆,顺乐街161号(五十八中学对面)区,4.1,8,101.0
911,11,大连梦想家快捷酒店,甘井子区,4.6,115,93.0
912,12,大连爱情海酒店式公寓,沙河口区,4.4,67,137.0
913,13,大连星海巴巴快捷酒店,沙河口区,3.4,190,185.0
914,14,大连一十合院住宿,甘井子区,0.0,1,551.0
915,15,大连名洲旅馆,甘井子区,4.3,13,97.0
916,16,大连宝康商务酒店,保灵街14号区,4.5,10,81.0
917,17,大连海之缘酒店式公寓万达广场店,高新园区,4.2,305,218.0
918,18,大连蜜途一线海景公寓,中山区,5.0,18,373.0
919,19,大连国华公寓,中山区,4.2,61,133.0
920,20,大连爱得公寓,高新园区,4.1,8,84.0
921,21,大连金辉旅馆,甘井子区,4.3,57,126.0
922,22,大连壹号主题民宿,金州区,4.4,15,86.0
923,23,大连火车站香榭里和憩廷连锁公寓俱乐部,中山区,4.2,102,133.0
924,24,大连枫洋小庄宾馆,金州区,4.9,113,188.0
925,0,大连米高主题酒店开发区万达广场店,金州区,4.4,102,145.0
926,1,大连金石滩浪漫樱花假日公寓,金州区,4.8,27,159.0
927,2,大连快洁旅馆,沙河口区,4.3,104,103.0
928,3,大连市鼎鑫客舍,甘井子区,4.8,33,134.0
929,4,大连心连心旅馆,沙河口区,4.7,55,47.0
930,5,一鸣快捷宾馆(大连旅顺达店),旅顺口区,4.4,13,126.0
931,6,大连大梁美佳度假酒店,旅顺口区,4.8,42,260.0
932,7,大连翰林阁酒店公寓万达广场店,甘井子区,4.5,307,154.0
933,8,大连至臻名品商务公寓酒店,甘井子区,4.6,83,160.0
934,9,大连金芒果宾馆,大连沙河口区,4.5,112,77.0
935,10,OYO大连名嘉客舍,旅顺口区,4.7,28,33.0
936,11,大连鑫鸿旅店,金州区,4.7,17,31.0
937,12,万和旅店(大连二部),金州区,4.4,25,80.0
938,13,大连园林花木酒店,西岗区,4.4,17,134.0
939,14,大连阳光春达客舍(二部),西岗区,4.0,172,48.0
940,15,大连依然海角酒店式公寓,金州区,4.8,77,488.0
941,16,大连捷山宾馆,中山区,4.0,148,93.0
942,17,大连心心旅店,金州区,4.7,9,42.0
943,18,大连huixue公寓,沙河口区,4.8,8,209.0
944,19,大连星海悦澜湾公寓式酒店,沙河口区,4.7,40,398.0
945,20,大连喜瓜酒店,中山区,4.5,597,168.0
946,21,大连普兰店如家之星宾馆,普兰店区,4.1,120,102.0
947,22,普兰店盛源海鲜酒店,普兰店区,4.4,18,110.0
948,23,大连升嘉宾馆,沙河口区,3.9,85,147.0
949,24,大连枫林绿洲酒店,沙河口区,3.6,157,424.0
950,0,大连鑫锋客舍(双兴街),西岗区,4.6,9,138.0
951,1,大连百和宾馆,中山区,4.2,32,53.0
952,2,大连云龙洗浴商务酒店,金州区,4.4,72,138.0
953,3,大连趣儿居酒店公寓开发区万达店,辽河西路万达广场9号公寓楼1717区,4.7,259,168.0
954,4,大连飞扬公寓宾馆,沙河口区,4.7,33,98.0
955,5,大连保税总汇商务酒店,金州区,3.9,438,119.0
956,6,大连伟伟客舍,甘井子区,4.1,52,118.0
957,7,大连友家宾馆,旅顺口区,3.8,24,102.0
958,8,大连狐狸果果美式酒店,中山区,4.7,14,130.0
959,9,大连V6威陆宾馆,金州区,4.1,49,98.0
960,10,大连天合酒店式公寓,沙河口区,4.2,11,154.0
961,11,大连珍梦快捷旅馆,甘井子区,4.3,38,126.0
962,12,大连左邻右舍自助服务式公寓酒店,沙河口区,4.8,724,229.0
963,13,大连临海小筑客舍,沙河口区,3.5,57,128.0
964,14,大连君怡假日酒店,金州区,4.6,228,164.0
965,15,维纳斯酒店式公寓(大连火车站店),中山区,4.2,25,184.0
966,16,金石滩6F海景宾馆(大连发现王国店)(原黄金海岸店),金州区,4.7,548,131.0
967,17,大连玉坤快捷宾馆,经济技术开发区,4.3,31,181.0
968,18,旺客旅店(大连机场店),甘井子区,3.7,135,98.0
969,19,大连罗斯福四季酒店式公寓,沙河口区,4.2,42,154.0
970,20,大连海润寰家度假公寓,甘井子区,4.5,18,188.0
971,21,大连优雅宾馆开发区店,金州区,4.6,15,62.0
972,22,大连太平洋快捷酒店,普兰店区,4.6,193,98.0
973,23,大连震翔客舍,甘井子区,4.6,11,90.0
974,24,希爱斯乐享服务公寓(大连星海广场店)(原亿达杰特乐享服务公寓),沙河口区,4.7,334,284.0
975,0,久隆缘客舍(大连顺乐街店),旅顺口区,3.9,24,82.0
976,1,大连时尚酒店式公寓,沙河口区,4.8,7,216.0
977,2,大连星海鑫雨酒店式公寓,沙河口区,4.6,74,291.0
978,3,颐家酒店式公寓(大连三八广场店),中山区,4.7,93,150.0
979,4,怡家酒店式公寓(大连星海大观店),沙河口区,4.4,91,170.0
980,5,大连来客佳旅店,中山区,4.1,11,103.0
981,6,大连星海瑞景酒店式公寓,沙河口区,4.6,189,209.0
982,7,大连客盈门旅店,沙河口区,4.3,8,63.0
983,8,OYO大连嘉悦宾馆,西岗区,3.9,36,71.0
984,9,云杉庭院青旅酒店(大连老虎滩海洋公园店),西岗区,4.7,576,37.0
985,10,大连南海宾馆,中山区,3.2,22,228.0
986,11,大连山喜鹊客舍,沙河口区,4.3,20,71.0
987,12,大连皮口港龙门客栈,普兰店区,4.9,146,121.0
988,13,大连洪泽客栈,金州区,4.4,17,76.0
989,14,大连海之恋精品主题酒店,金州区,4.7,234,99.0
990,15,大连蓝色海洋商务酒店,金州区,4.6,19,113.0
991,16,大连仟一旅社机场店,甘井子区,3.8,126,128.0
992,17,大连嘉里休闲酒店式公寓,沙河口区,4.4,81,134.0
993,18,大连星海知心酒店式公寓,沙河口区,4.7,889,175.0
994,19,大连福慧温泉山庄,普兰店区,4.1,34,192.0
995,20,大连青泥8号轻奢公寓,中山区,4.8,41,265.0
996,21,大连宜君阁商务宾馆,港湾观海小区,4.0,21,97.0
997,22,大连悦海客栈(原大学城客店),金州区,3.9,48,118.0
998,23,大连惠友快捷宾馆,沙河口区,4.6,30,62.0
999,24,大连茗园宾馆,大连市沙河口区,0.0,3,228.0
1000,0,大连金逸商务宾馆北站店,甘井子区,4.6,62,123.0
1001,1,大连遇见8主题公寓,金石滩金石滩南湖街王仔假日3号楼3-5楼区,4.8,53,209.0
1002,2,大连大洋宾馆,中山区,3.4,23,62.0
1003,3,大连香榭里金富公寓酒店,中山区,4.6,323,123.0
1004,4,莫泰168(大连星海湾五一路南沙街店),沙河口区,4.5,543,239.0
1005,5,大连印象海景酒店式公寓星海广场店,沙河口区,4.3,92,286.0
1006,6,大连笑园居客舍,甘井子区,3.6,77,67.0
1007,7,大连宜家快捷宾馆,中山区,4.5,564,110.0
1008,8,大连星夜主题宾馆,甘井子区,4.5,233,165.0
1009,9,大连馨语旅店,金州区,4.6,44,155.0
1010,10,大连糖果时光旅馆,金州区,4.7,28,42.0
1011,11,爱佳家庭公寓,甘井子区,0.0,10,65.0
1012,12,大连Homy印象酒店式公寓,沙河口区,4.8,15,146.0
1013,13,天马旅店(大连学府店),沙河口区,3.8,42,56.0
1014,14,大连经济技术开发区喜盈门宾馆,大连经济技术开发区,0.0,8,131.0
1015,15,大连华悦快捷旅馆,甘井子区,4.1,197,146.0
1016,16,凯宾假日宾馆(大连星海广场店),沙河口区,4.2,141,327.0
1017,17,大连星海雅之家假日公寓酒店,大连市沙河口区,4.6,930,397.0
1018,18,大连汇邦中心酒店式公寓,中山区,4.8,126,290.0
1019,19,大连旺财旅馆,中山区,4.2,26,56.0
1020,20,大连坤大酒店,甘井子区,3.6,16,204.0
1021,21,大连假日客舍,甘井子区,4.1,17,63.0
1022,22,大连宜家旅馆,西岗区,3.9,140,51.0
1023,23,如家酒店(大连星海广场会展中心地铁站店),沙河口区,4.6,982,256.0
1024,24,大连金鹏快捷宾馆,金州区,4.3,41,123.0
1025,0,大连伊景亿丰公寓式酒店,中山区,4.1,110,146.0
1026,1,犀牛度假客栈(大连金石滩店),金州区,4.4,36,75.0
1027,2,大连佳家商务客舍,甘井子区,4.0,22,98.0
1028,3,大连香江环岛酒店,中山区,4.1,86,93.0
1029,4,大连晋奕家宾馆,金州区,4.7,17,34.0
1030,5,大连天爱情趣主题酒店,中山区,3.3,112,45.0
1031,6,大连百盛酒店式公寓,沙河口区,0.0,2,112.0
1032,7,大连豪运来快捷酒店,西岗区,3.2,39,238.0
1033,8,大连佳怡商务宾馆,沙河口区,2.4,55,131.0
1034,9,大连蜗牛小居客舍,旅顺口区,0.0,2,89.0
1035,10,大连汇佳客舍,中山区,4.1,21,57.0
1036,11,大连东北财经大学会计学院培训中心宾馆,沙河口区,4.7,18,273.0
1037,12,大连凯旋之旅温泉度假别墅(11号店),大连金州区,0.0,0,2465.0
1038,13,大连伊景月光花儿酒店式公寓,中山区,4.7,254,188.0
1039,14,大连糖糖公寓式酒店火车站店,西岗区,0.0,4,197.0
1040,15,大连南海海景别墅,金州区,4.8,40,174.0
1041,16,大连凯宾商务宾馆,沙河口区,4.6,550,109.0
1042,17,大连南苑宾馆,中山区,3.3,30,642.0
1043,18,大连时光小筑主题宾馆,金州区,4.6,238,72.0
1044,19,大连国良家庭主题宾馆,沙河口区,4.3,51,99.0
1045,20,大连优悦万达海景公寓,高新园区,4.6,126,487.0
1046,21,大连伐木累假日宾馆,金石滩旅游度假区,4.5,64,146.0
1047,22,OYO大连民景宾馆,金州区,4.6,28,76.0
1048,23,大连皮口兴隆宾馆,普兰店区,4.7,12,101.0
1049,24,大连须来·海宿,中山区,4.5,92,1433.0
1050,0,长海心存美好民宿酒店,大长山岛镇杨家村饮牛湾屯201号区,4.9,29,414.0
1051,1,大连奈斯主题酒店,金州区,4.9,14,119.0
1052,2,大连馨缘旅店,开发区,3.3,40,78.0
1053,3,驿斯利宾馆(大连金石滩青石路店),金州区,3.8,40,98.0
1054,4,大连四海通酒店,旅顺口区,3.8,33,128.0
1055,5,大连新龙门大酒店,甘井子区,4.1,121,138.0
1056,6,大连优觅U-ME青年客栈,长江路保安街14号区,4.8,64,48.0
1057,7,大连蓝洋主题客栈,甘井子区,4.4,159,119.0
1058,8,大连漫庭主题宾馆,旅顺口区,0.0,6,148.0
1059,9,大连唐宫商务酒店,金州区,4.7,648,128.0
1060,10,大连钻石湾酒店式公寓,甘井子区,0.0,5,262.0
1061,11,号主题公寓(大连开发区万达广场店)(原慢享时光精品主题酒店),经济技术开发区,4.9,26,127.0
1062,12,大连金石海墅海景度假别墅,金州区,5.0,17,423.0
1063,13,大连惜缘居公寓(19号店),西春街8号楼(直接导西春街8号楼即可)区,0.0,1,642.0
1064,14,红利湾商务酒店(大连迎春街店),旅顺口区,4.4,144,288.0
1065,15,大连锦江宾馆,西岗区,4.5,350,109.0
1066,16,大连名苑酒店,甘井子区,3.3,62,71.0
1067,17,大连怡海客舍,旅顺口区,0.0,8,88.0
1068,18,大连海之馨酒店式公寓,沙河口区,4.5,152,174.0
1069,19,大连A+公寓,中山区,4.9,53,174.0
1070,20,大连新概念时尚宾馆,甘井子区,3.6,27,64.0
1071,21,简宿设计民宿,甘井子区,4.6,46,239.0
1072,22,大连暖海岸青年旅舍,甘井子区,4.6,539,43.0
1073,23,大连金州区好宜家快捷旅馆,金州区,4.9,11,90.0
1074,24,大连碧桂坊主题度假酒店,金州区,4.4,455,388.0
1075,0,海尚商务酒店(大连远洋广场店),甘井子区,4.6,26,153.0
1076,1,格林豪泰(大连安盛广场和平路轻轨站店)(原解放广场店),金州区,4.6,291,117.0
1077,2,大连看海的日子壹班公寓,沙河口区,4.5,9,29.0
1078,3,大连金石滩华庭温泉酒店(发现王国店),金州区,4.0,124,136.0
1079,4,大连慧家快捷酒店,中山区,4.3,113,110.0
1080,5,大连鑫美佳海景公寓和平广场店,沙河口区,3.9,497,126.0
1081,6,大连星期天博爱宾馆,甘井子区,4.6,210,110.0
1082,7,大连鑫源家禾酒店万达广场店,金州区,4.7,104,110.0
1083,8,大连新华宫酒店,沙河口区,4.0,336,238.0
1084,9,大连风情小镇公寓,甘井子区,4.5,51,159.0
1085,10,大连博源汇公寓,中山区,0.0,3,191.0
1086,11,大连悦国际青年旅舍,中山区,4.5,232,48.0
1087,12,大连金石滩观海阁假日酒店,大连金州区,3.8,28,118.0
1088,13,韩帝宾馆(大连八一店),西岗区,4.3,161,137.0
1089,14,大连浪漫四季假日酒店,西岗区,0.0,3,164.0
1090,15,大连国宾楼宾馆,金州区,4.5,56,749.0
1091,16,大连夜蒲主题宾馆,沙河口区,3.8,292,112.0
1092,17,大连大懒虫国际青年客栈海洋大学店,沙河口区,4.5,41,40.0
1093,18,天连锁酒店(大连普兰店皮口码头店),普兰店区,4.3,236,169.0
1094,19,大连枫叶客舍,沙河口区,2.6,40,68.0
1095,20,大连悦琪酒店,中山区,4.8,27,200.0
1096,21,大连百舟大酒店,长兴岛经济区,0.0,1,137.0
1097,22,大连铁道宾馆,中山区,4.3,25,248.0
1098,23,爱丽海景酒店公寓(大连万达广场店),高新园区,4.6,405,122.0
1099,24,OYO大连半岛酒店,中山区,3.5,112,54.0
1100,0,格林豪泰酒店大连市周水子机场店,甘井子区,4.2,1835,218.0
1101,1,大连繁华四季公寓式酒店,中山区,4.4,700,248.0
1102,2,精选 大连金石国际会议中心,金州区,4.6,133,558.0
1103,3,大连国色添香花园精品商务酒店,西岗区,4.6,882,218.0
1104,4,大连皇家海景假日酒店,金州区,4.1,728,209.0
1105,5,大连金石艾美酒店,金州区,4.5,270,349.0
1106,6,大连艺术酒店(开发区万达广场店),金州区,4.9,483,136.0
1107,7,大连国尊王朝大饭店,金州区,4.7,2184,248.0
1108,8,大连泰达酒店,中山区,4.2,504,406.0
1109,9,大连凯西酒店,山东路422-7号（亿合城北华南北地铁口）区,4.6,150,150.0
1110,10,向日葵酒店式公寓(大连万达广场店),高新园区,4.7,940,128.0
1111,11,大连有礼别墅,西岗区,4.7,60,179.0
1112,12,大连树舍轻居酒店,金州区,4.8,221,223.0
1113,13,天优品酒店(大连开发区轻轨站五彩城店),金州区,4.5,936,129.0
1114,14,慢时光主题精品酒店(大连开发区万达广场店),金州区,4.8,699,134.0
1115,15,大连星七天假日宾馆,沙河口区,4.6,616,139.0
1116,16,大连银帆宾馆,金州区,4.6,966,619.0
1117,17,大连金石滩天鹅湖酒店,经济技术开发区,4.8,646,199.0
1118,18,小姿态酒店式公寓(大连和平广场店),沙河口区,4.9,205,171.0
1119,19,大连金梧桐度假酒店,金州区,4.5,577,408.0
1120,20,如家商旅酒店(大连星海湾联合路地铁站店),联合路38号区,4.6,64,239.0
1121,21,大连园酒店,中山区,4.2,841,188.0
1122,22,大连星海广场嘉家酒店公寓,沙河口区,4.8,643,224.0
1123,23,港湾酒店式公寓(大连万达广场店),高新园区,4.8,1408,276.0
1124,24,大连领尊假日酒店,中山区,4.7,39,242.0
1125,0,大连旅顺蓝湾休闲度假公寓,旅顺口区,0.0,1,471.0
1126,1,大连鸿府旅店二部,甘井子区,4.8,22,55.0
1127,2,大连意和客房,玉情街178号区,2.8,21,108.0
1128,3,大连星海温鑫酒店公寓(星雨街东分店),沙河口区,0.0,77,396.0
1129,4,大连非一宿宾馆,沙河口区,4.4,21,150.0
1130,5,大连浪子客栈,沙河口区,4.7,26,121.0
1131,6,大连鸿升客栈,甘井子区,4.7,18,148.0
1132,7,大连雅合居客栈,甘井子区,2.2,28,200.0
1133,8,大连天沐觅境客栈,甘井子区,0.0,0,237.0
1134,9,大连北欧青旅酒店,金普新区,0.0,4,26.0
1135,10,大连百年港湾公寓(2号店),大连西岗区,0.0,1,219.0
1136,11,福家宾馆(大连华北路店),沙河口区,3.6,69,73.0
1137,12,大连大学时代城客栈,金州区,4.2,27,193.0
1138,13,大连云宿精品公寓(原华南远洋家庭公寓),沙河口区,4.7,91,163.0
1139,14,大连新雅快捷宾馆,甘井子区,3.9,173,135.0
1140,15,大连金石滩嘉华假日海艺公寓,金州区,4.5,419,123.0
1141,16,大连圣屿宾馆,旅顺口区,3.3,65,39.0
1142,17,大连金州瑞柏公寓,金州区,0.0,22,99.0
1143,18,莱往酒店(大连马栏广场地铁站店),沙河口区,4.5,55,109.0
1144,19,大连铂金酒店,沙河口区,0.0,1,149.0
1145,20,大连爱尚居酒店式公寓,西岗区,4.8,71,147.0
1146,21,新月湾酒店式公寓(大连万达广场店),甘井子区,4.2,371,191.0
1147,22,大连禧宅酒店,西岗区,4.4,400,199.0
1148,23,大连北马洗浴客房,金州区,4.1,45,207.0
1149,24,大连宏祥旅店,金州区,3.9,16,121.0
1150,0,大连泽轩快捷酒店,甘井子区,3.9,72,93.0
1151,1,大连凯旋假日酒店式公寓,西岗区,3.1,219,128.0
1152,2,大连伊美旅社,西岗区,4.3,16,77.0
1153,3,大连软景E居致青春时尚酒店式公寓,数码路北段10号软景区,0.0,0,205.0
1154,4,大连渔港宾馆,甘井子区,4.4,195,91.0
1155,5,大连乐洁旅馆,沙河口区,2.8,16,93.0
1156,6,大连考拉宾馆,沙河口区,2.9,14,115.0
1157,7,大连万德宾馆,西岗区,4.4,58,69.0
1158,8,大连海岸温馨宾馆,旅顺口区,0.0,16,108.0
1159,9,大连稷和浴酒店,大连甘井子区,4.1,146,119.0
1160,10,大连星海广场欣达公寓,星海广场区,0.0,705,184.0
1161,11,大连北欧风宾馆,金州区,4.8,36,91.0
1162,12,大连星海友园酒店公寓,沙河口区,4.4,192,147.0
1163,13,大连盈客源客房,甘井子区,4.3,68,157.0
1164,14,大连如家客舍,甘井子区,3.9,79,49.0
1165,15,大连芒果旅馆,甘井子区,4.4,14,90.0
1166,16,超然的小世界度假别墅NO.,西安路95号E区,0.0,18,780.0
1167,17,大连阿联客舍,甘井子区,4.5,124,139.0
1168,18,大连咖啡酒吧主题旅馆,西岗区,4.5,161,123.0
1169,19,大连双鱼商务酒店,中山区,4.3,58,130.0
1170,20,尖沙咀商务宾馆(大连万达店),金州区,4.2,43,119.0
1171,21,依家旅馆(大连西山街店),沙河口区,3.9,43,97.0
1172,22,大连希望之星快捷宾馆,沙河口区,0.0,5,139.0
1173,23,大连日月大酒店,大连中山区,3.9,131,122.0
1174,24,大连呼呼睡酒店式公寓,金州区,4.3,77,106.0
1175,0,大连晔晔妈公寓,大连旅顺口区,0.0,1,264.0
1176,1,大连金石滩双鑫宾馆,经济技术开发区,0.0,4,170.0
1177,2,大连香榭里圣达酒店公寓,中山区,4.2,180,100.0
1178,3,大连圣佩斯精选公寓,沙河口区,4.4,21,184.0
1179,4,大连金誉假日客房,金州区,0.0,8,102.0
1180,5,大连简约客栈,甘井子区,4.4,432,104.0
1181,6,大连星月宾馆,金州区,4.5,106,72.0
1182,7,大连星海大观蓝天酒店公寓(星海广场分店),星海广场(星河路65A)区,0.0,1,211.0
1183,8,大连财源旅馆,西岗区,0.0,6,42.0
1184,9,大连佳福旅馆,沙河口区,4.3,66,67.0
1185,10,大连非凡假日宾馆,经济技术开发区,4.8,28,207.0
1186,11,大连金石滩朱丽叶主题客栈,金州区,3.9,207,198.0
1187,12,大连梦缘之家公寓,甘井子区,0.0,0,84.0
1188,13,大连宜家房屋公寓(3号店),金宸国际区,0.0,0,136.0
1189,14,大连金石滩金湾桥别墅,金海岸花园(大门左边那栋)区,0.0,0,4305.0
1190,15,大连乐淘湾时尚客房,大连市甘井子区,0.0,2,55.0
1191,16,大连江城旅馆,金州区,4.1,38,226.0
1192,17,大连雅港盛逸商务酒店式公寓,金州区,4.8,25,111.0
1193,18,大连佳海酒店,金州区,3.7,9,107.0
1194,19,大连龙祥快捷宾馆,甘井子区,3.9,47,93.0
1195,20,大连金石滩时光假日酒店式公寓(13号店),金石滩万达金石天成区,0.0,0,550.0
1196,21,大连四季天玺精品酒店,中山区,3.7,77,198.0
1197,22,大连万豪精品主题宾馆,甘井子区,4.6,17,52.0
1198,23,大连九佳意快捷酒店,泽汇街9号区,0.0,8,98.0
1199,24,大连日月潭大酒店二部,中山区,3.8,59,132.0
1200,0,大连佳乐旅馆,金州区,0.0,3,39.0
1201,1,大连软景E居公寓,沙河口区,0.0,4,136.0
1202,2,大连海洋之家酒店式公寓,金州区,4.6,92,131.0
1203,3,大连四季鑫客舍,沙河口区,3.4,12,42.0
1204,4,大连艺霖民宿,金州区,0.0,1,136.0
1205,5,大连阳光春达客舍,西岗区,4.2,20,34.0
1206,6,大连付家庄休闲度假颐养酒店,中山区,4.6,80,580.0
1207,7,大连铁道1896酒店,西岗区,4.5,252,202.0
1208,8,大连一家客舍,甘井子区,3.7,155,138.0
1209,9,大连安心旅馆,中山区,3.7,8,47.0
1210,10,大连越鑫旅店东财店,沙河口区,0.0,16,69.0
1211,11,大连豪庭商务酒店,沙河口区,3.5,111,109.0
1212,12,大连鸿福主题宾馆,甘井子区,4.5,224,138.0
1213,13,大连乔元商务宾馆,普兰店区,0.0,11,67.0
1214,14,大连雅琦旅馆,西岗区,0.0,13,56.0
1215,15,大连唯逸精选公寓,甘井子区,4.8,7,130.0
1216,16,大连圣西罗酒店式公寓,沙河口区,3.5,149,159.0
1217,17,大连珍梦快捷旅馆北站店,甘井子区,4.6,21,59.0
1218,18,大连聚缘客舍,沙河口区,4.5,128,97.0
1219,19,大连金石滩汤景泽温泉1号独栋别墅,汤景泽温泉小镇(温泉入户)区,0.0,6,2759.0
1220,20,大连福佳新天地西如文心酒店式自助公寓,沙河口区,3.8,70,178.0
1221,21,大连悠幽优忧公寓,大连甘井子区,0.0,1,320.0
1222,22,大连机场乐购家庭公寓,甘井子区,4.9,185,229.0
1223,23,大连鸿运达宾馆(原鸿运达旅馆),甘井子区,4.8,210,59.0
1224,24,大连潘静公寓(8号店),伊景华园A座(伊景华园-A)区,0.0,0,226.0
1225,0,大连鸿运达宾馆(原鸿运达旅馆),甘井子区,4.8,210,59.0
1226,1,大连红胜旅社,西岗区,2.8,11,67.0
1227,2,大连圣铭旅店,甘井子区,0.0,4,34.0
1228,3,大连归宿艺术精品酒店,甘井子区,4.8,638,230.0
1229,4,大连华福一号公寓,西岗区,0.0,2,172.0
1230,5,大连站北快捷宾馆,西岗区,2.7,49,46.0
1231,6,大连元丰宾馆,辽宁省大连市旅顺口区,4.7,30,459.0
1232,7,大连金石滩日月星酒店式公寓(6号店),丹枫路(水木华庭小区,0.0,0,183.0
1233,8,大连花园客房,沙河口区,3.5,13,79.0
1234,9,大连左岸时光酒店式公寓,金州区,5.0,15,104.0
1235,10,一鸣快捷宾馆(大连旅顺龙河边A店),旅顺口区,4.8,39,116.0
1236,11,如约家庭式酒店公寓(大连西安路罗斯福店),沙河口区,4.4,38,189.0
1237,12,曙光Daylight青年旅舍(大连西安路店),沙河口区,4.6,74,53.0
1238,13,大连典家公寓,中山区,0.0,3,121.0
1239,14,大连日月潭快捷酒店,中山区,2.4,18,168.0
1240,15,汉庭酒店(大连光明市场店)(原金州体育场),金州区,4.6,176,122.0
1241,16,大连人民文化俱乐部主题宾馆,中山区,4.0,110,76.0
1242,17,和隆宾馆(大连北站南广场店),甘井子区,4.9,15,98.0
1243,18,大连华庭商务度假公寓,甘井子区,4.7,85,164.0
1244,19,大连金石滩间隔年海国际青年旅舍,金州区,0.0,57,98.0
1245,20,大连友嘉快捷酒店(原友嘉客舍),甘井子区,2.6,20,112.0
1246,21,大连朴·宿海景公寓,高新园区,4.7,127,308.0
1247,22,大连嘉旅客舍,中山区,4.5,298,75.0
1248,23,大连金石滩小海螺公寓(丽湖路分店),金州区,0.0,1,367.0
1249,24,大连山日文旅公寓(48号店),紫竹公寓(老虎滩海洋公园珊瑚馆对面)区,0.0,0,452.0
1250,0,大连望海艺术主题宾馆,旅顺口区,0.0,0,102.0
1251,1,大连美宿海风公寓(12号店),大连高新园区,0.0,0,384.0
1252,2,大连宝欣客房,甘井子区,3.8,25,178.0
1253,3,大连明瑞世元国际酒店公寓,金州区,4.6,52,144.0
1254,4,大连亿鸿宾馆,旅顺口区,0.0,4,119.0
1255,5,大连鑫主题酒店,甘井子区,5.0,10,194.0
1256,6,大连大江旅社,甘井子区,4.6,12,33.0
1257,7,洪天假日宾馆(大连火车站店),中山区,4.4,10,164.0
1258,8,大连红豆假日酒店式公寓华南亿合城店,甘井子区,4.8,45,153.0
1259,9,大连天马商务酒店,炮台镇炮台街道三家社区,3.7,13,138.0
1260,10,大连916集装箱酒店,金州区,4.7,194,258.0
1261,11,OYO大连御华阁休闲宾馆,甘井子区,4.0,27,69.0
1262,12,大连开发区金太阳旅店,金州区,5.0,21,27.0
1263,13,大连客来思乐宾馆,西岗区,3.5,13,131.0
1264,14,大连龙庭阁旅馆,大连市沙河口区,4.6,408,73.0
1265,15,大连华淳宾馆,西岗区,4.6,95,95.0
1266,16,大连鑫澳商务宾馆,金州区,4.6,114,169.0
1267,17,大连M·Hotel精选公寓,中山区,4.8,28,332.0
1268,18,大连珊悦海景公寓,黄浦路万达广场soho公寓2号楼区,4.6,236,214.0
1269,19,大连伊景华园日租酒店式公寓二店,中山区,4.9,16,198.0
1270,20,大连麦霸主题酒店,大连金州区,4.8,17,72.0
1271,21,大连鑫港客舍,旅顺口区,4.7,15,79.0
1272,22,大连海运宾馆,西岗区,4.6,18,62.0
1273,23,大连瑞斯星海主题公寓,大连沙河口区,4.8,54,490.0
1274,24,大连新青年酒店式公寓,金州区,4.8,31,146.0
1275,0,大连星海广场公寓,沙河口区,4.7,271,289.0
1276,1,大连金石滩民宿丽姐,鲁能泰山7号2期(金谱新区,0.0,1,356.0
1277,2,大连怡海阳光宾馆,旅顺口区,4.6,128,386.0
1278,3,大连美瑞欣酒店公寓,沙河口区,4.7,64,193.0
1279,4,大连吉祥鱼公寓,红旗中路225号(保利N公寓)区,0.0,2,237.0
1280,5,大连芙蓉公寓,西岗区,3.9,5,119.0
1281,6,大连凯冠宾馆,金州区,4.5,11,109.0
1282,7,大连InHouse隐舍青旅酒店,沙河口区,4.8,42,46.0
1283,8,大连宏晨旅社,西岗区,0.0,1,50.0
1284,9,大连万达海天酒店式公寓,大连金州区,5.0,8,195.0
1285,10,大连芙蓉水尚温泉休闲酒店,甘井子区,4.3,17,238.0
1286,11,大连阿联客舍,甘井子区,4.5,124,139.0
1287,12,缙云山宾馆,金州区,0.0,5,43.0
1288,13,大连凌秀酒店式公寓,高新园区,0.0,2,109.0
1289,14,尚客优精选酒店(辽宁大连甘井子区山东路店),甘井子区,4.5,399,166.0
1290,15,大连假日农家旅店,金州区,3.1,18,48.0
1291,16,大连海之梦海景公寓,中山区,4.7,36,244.0
1292,17,大连富贵主题宾馆,沙河口区,0.0,1,118.0
1293,18,大连阳光快捷酒店,西岗区,1.9,13,108.0
1294,19,大连豪林宏泰酒店,西岗区,4.6,167,143.0
1295,20,大连软件园软景E居酒店式公寓,高新园区,4.6,154,149.0
1296,21,大连伊景碧海酒店式公寓,中山区,0.0,100,223.0
1297,22,大连家馨公寓酒店,沙河口区,4.8,13,284.0
1298,23,大连梦楼宾馆,沙河口区,3.5,221,45.0
1299,24,大连爱琴海酒店式公寓,金州区,4.9,56,217.0
1300,0,大连鑫宝龙旅馆,沙河口区,0.0,2,59.0
1301,1,大连瑞缘公寓(4号店),黑石礁地铁站-c口(富丽庭)区,0.0,1,184.0
1302,2,大连帅客大酒店,西岗区,4.6,106,248.0
1303,3,海盛旅社(大连姚家路店),甘井子区,4.7,351,63.0
1304,4,大连老莱旅馆,甘井子区,0.0,4,35.0
1305,5,大连kontai66公寓(2号店),傅家庄公园(八一路214医院内兴海屯15一3号楼)区,0.0,0,458.0
1306,6,OYO大连天方宾馆,甘井子区,4.5,8,93.0
1307,7,大连Fisger公寓(4号店),兴发路(华发新城1号楼)区,0.0,1,200.0
1308,8,大连东电宾馆,金州区,5.0,25,104.0
1309,9,大连安杏堂客舍,凌秀路38号区,4.3,32,143.0
1310,10,大连燕梓时尚宾馆,甘井子区,4.6,33,80.0
1311,11,大连金州同福客栈,金州区,4.0,28,68.0
1312,12,大连金石滩海滨假日公寓,金州区,4.6,98,93.0
1313,13,大连水云涧酒店,金州区,0.0,4,259.0
1314,14,大连英悦公寓,沙河口区,4.8,48,456.0
1315,15,大连星海广场家馨酒店公寓,沙河口区,4.5,241,336.0
1316,16,大连鑫源旅馆明泽街店,中山区,2.6,18,76.0
1317,17,大连好一家宾馆,沙河口区,4.5,12,55.0
1318,18,大连四季明宾馆(原和隆宾馆),甘井子区,4.7,67,94.0
1319,19,大连宏福宾馆,沙河口区,0.0,7,50.0
1320,20,大连crosme主题酒店,中山区,4.7,70,209.0
1321,21,大连居云阁精品酒店,金州区,4.8,23,169.0
1322,22,大连禧乐商务公寓,中山区,3.9,183,108.0
1323,23,大连机场公寓1(7号店),南林路500号城市印象-E座(地铁二号线C口处)区,0.0,0,260.0
1324,24,大连明星宾馆,西岗区,4.6,70,104.0
1325,0,大连明星宾馆,西岗区,4.6,70,104.0
1326,1,家馨宾馆星海公园店,沙河口区,4.6,13,183.0
1327,2,大连轩尼斯度假公寓酒店,金州区,4.6,67,169.0
1328,3,大连丰华酒店,五一广场同聚街38号区,3.8,337,148.0
1329,4,大连钻石湾可心之家公寓,甘井子区,0.0,0,276.0
1330,5,大连X公寓,中山区,4.7,18,181.0
1331,6,大连马猴吃香蕉主题酒店,海达南街59号百年港湾5栋2单元2003室区,4.5,178,216.0
1332,7,大连福家旅馆,甘井子区,4.6,52,59.0
1333,8,大连骊高天禧公寓,中山区,4.2,5,329.0
1334,9,大连明瑞金丰大厦商务公寓,金州区,4.7,48,151.0
1335,10,大连鸿博快捷旅馆,泉水N3区,0.0,0,50.0
1336,11,大连紫源农庄,甘井子区,4.2,30,131.0
1337,12,大连小小家园酒店式公寓,金州区,4.7,14,128.0
1338,13,大连君惠旅店,甘井子区,4.7,41,68.0
1339,14,大连驴友酒店式公寓,沙河口区,4.3,44,234.0
1340,15,OYO大连大洋旅店,甘井子区,4.7,10,63.0
1341,16,大连长江旅馆,旅顺口区,0.0,6,82.0
1342,17,大连熹园民宿(分店),甘井子区,4.1,17,301.0
1343,18,大连宏达酒店公寓,高新园区,4.7,97,318.0
1344,19,大连韩学文公寓,南沙(南河街19号楼)区,0.0,0,200.0
1345,20,大连源缘实景主题民宿,中山区,4.7,23,109.0
1346,21,大连万鑫快捷酒店,甘井子区,2.5,22,131.0
1347,22,途掌柜111950精品民宿,鑫境界区,0.0,0,218.0
1348,23,大连欣悦快捷旅馆,西岗区,4.3,80,50.0
1349,24,大连富丽源宾馆,沙河口区,3.8,20,120.0
1350,0,OYO大连樱花宾馆,金州区,4.5,6,114.0
1351,1,大连禧家公寓,沙河口区,5.0,10,210.0
1352,2,大连酒店式公寓（万达）,金州区,0.0,0,161.0
1353,3,大连惜缘居公寓(13号店),爱纶蛋糕面包(西南路)(导航爱纶蛋糕(西南路店)楼上即是)区,0.0,0,642.0
1354,4,大连新龙门客栈,沙河口区,3.0,61,59.0
1355,5,大连久久时尚宾馆,沙河口区,4.7,54,168.0
1356,6,大连富英楼,金州区,4.5,9,256.0
1357,7,大连久居主题酒店式公寓,金州区,0.0,4,112.0
1358,8,大连皮口港日租公寓(原唐东日租公寓),普兰店区,4.8,11,163.0
1359,9,大连驿旅阳光旅馆,旅顺口区,3.6,40,48.0
1360,10,大连港湾旅馆,甘井子区,4.1,106,62.0
1361,11,大连李德胜公寓,万科魅力之城宜居园区,0.0,22,368.0
1362,12,大连岩龙旅店,金州区,4.5,17,39.0
1363,13,美加华酒店式公寓(大连万岁街店),沙河口区,4.9,6,158.0
1364,14,大连尖沙咀商务宾馆,金州区,3.7,57,174.0
1365,15,大连爱之家服务式公寓,中山区,4.5,52,273.0
1366,16,大连通圣寓言精品宾馆,甘井子区,4.3,60,113.0
1367,17,大连宏福商务宾馆,沙河口区,3.9,60,45.0
1368,18,大连储运大饭店,甘井子区,4.0,46,180.0
1369,19,海盛旅社（大连北站店),甘井子区,0.0,6,128.0
1370,20,大连佳里家旅馆,金州区,4.6,27,46.0
1371,21,大连金石滩新发现客房,金州区,4.4,31,86.0
1372,22,大连四月天商旅客舍,甘井子区,4.6,24,216.0
1373,23,大连舒心客舍,沙河口区,4.1,39,60.0
1374,24,大连铭程快捷酒店,大连开发区,4.3,107,133.0
1375,0,大连集美酒店,朝阳街24号区,4.6,817,326.0
1376,1,大连星海喜德莱酒店,沙河口区,4.3,115,284.0
1377,2,大连锦华银座酒店,西岗区,4.6,717,664.0
1378,3,大连亿家海景公寓酒店,港隆路25号绿地中心A2栋1117室区,4.7,518,207.0
1379,4,星海金色阳光酒店式公寓(大连星海广场店),沙河口区,4.9,1396,784.0
1380,5,大连龙盛豪酒店,沙河口区,4.8,216,158.0
1381,6,大连亿锋捌号酒店,金州区,4.8,803,538.0
1382,7,大连青沐美宿复式公寓,沙河口区,4.9,25,338.0
1383,8,大连枫和庭苑酒店式公寓,金州区,4.6,365,100.0
1384,9,大连妃思主题公寓(和平广场C座店),沙河口区,4.7,1794,241.0
1385,10,大连依云观海酒店式公寓,高新园区,4.7,882,349.0
1386,11,大连皇家海景假日酒店二部,金州区,4.4,141,118.0
1387,12,新港景海景公寓酒店(大连港湾广场歹街店),中山区,4.8,446,223.0
1388,13,大连斯维登服务公寓(旅顺慧谷假日)(原慧谷阳光酒店),旅顺口区,4.4,192,134.0
1389,14,新港景海景公寓酒店(大连威尼斯水城店),中山区,4.7,115,246.0
1390,15,大连维多利亚国际酒店,金州区,4.5,492,223.0
1391,16,大连星海亚斯特公寓,沙河口区,4.9,135,292.0
1392,17,大连索兰顿酒店式公寓星海广场店,沙河口区,4.6,1382,218.0
1393,18,百年汇裕发连锁酒店公寓(大连星海广场店),沙河口区,4.7,857,179.0
1394,19,大连爱慕公寓,沙河口区,4.8,205,203.0
1395,20,大连非住不可智能公寓,中山区,4.9,96,310.0
1396,21,大连天天国际青年旅舍,沙河口区,4.6,370,45.0
1397,22,内蒙宾馆(大连火车站店),西岗区,4.8,902,116.0
1398,23,大连星海心悦酒店式公寓,沙河口区,4.8,590,251.0
1399,24,悠然居酒店式公寓(大连星海广场店),沙河口区,4.8,2723,333.0
1400,0,大连铭程快捷酒店,大连开发区,4.3,107,133.0
1401,1,大连鹏程主题公寓,大连开发区,4.6,14,128.0
1402,2,大连夜泊拾间StayNight酒店,沙河口区,4.9,30,1888.0
1403,3,大连city home住宿,西岗区,5.0,6,190.0
1404,4,大连国泰欢居酒店公寓,中山区,4.8,145,484.0
1405,5,大连金石有约酒店式度假公寓,金州区,4.7,38,388.0
1406,6,大连u+连锁商务酒店式公寓,开发区,4.6,39,128.0
1407,7,星海友客友家酒店式公寓(大连沙河口区东方星海店),沙河口区,4.8,258,398.0
1408,8,都市港湾公寓酒店(大连星海广场店),沙河口区,4.9,63,745.0
1409,9,大连夜魅主题酒店式公寓,沙河口区,4.6,136,598.0
1410,10,大连METROHUBHOSTEL都市民宿,沙河口区,4.8,152,689.0
1411,11,大连皇朝大酒店,金州区,4.0,5,247.0
1412,12,OYO大连宜居快捷酒店,西岗区,4.8,76,158.0
1413,13,大连东兴商务宾馆,金州区,4.1,82,154.0
1414,14,OYO大连广源快捷客舍,甘井子区,4.6,44,189.0
1415,15,大连蓝海湾旅馆,旅顺口区,4.0,85,91.0
1416,16,大连金石滩海之韵公寓,金州区,4.5,15,458.0
1417,17,大连明治酒店,金州区,4.7,16,198.0
1418,18,大连金石旺角海景主题宾馆,金州区,5.0,6,82.0
1419,19,大连国泰轩雅酒店式公寓,中山区,4.9,21,499.0
1420,20,大连日月星酒店式公寓,枫洋街与金石路交汇东南角必胜客东侧区,4.5,102,332.0
1421,21,大连春天酒店式公寓,金州区,4.8,10,200.0
1422,22,花筑·大连岸享民宿,西南路31号-3号区,4.6,9,421.0
1423,23,大连仟村客舍,西岗区,4.8,12,151.0
1424,24,大连通家酒店式公寓,沙河口区,4.7,33,273.0
1425,0,大连日月星酒店式公寓,枫洋街与金石路交汇东南角必胜客东侧区,4.5,102,332.0
1426,1,大连春天酒店式公寓,金州区,4.8,10,200.0
1427,2,花筑·大连岸享民宿,西南路31号-3号区,4.6,9,421.0
1428,3,大连仟村客舍,西岗区,4.8,12,151.0
1429,4,大连通家酒店式公寓,沙河口区,4.7,33,273.0
1430,5,大连依家公寓,沙河口区,4.6,36,500.0
1431,6,大连众悦旅馆,中山区,2.5,18,57.0
1432,7,大连东方星海观景公寓式酒店,沙河口区,4.7,22,516.0
1433,8,湘雨旅馆(大连理工大学店),高新园区,4.3,60,377.0
1434,9,大连蓝海岸酒店式公寓,星海广场星河路65A星海大观E座区,4.8,155,914.0
1435,10,大连优雅宾馆金三角店,大连甘井子区,0.0,14,93.0
1436,11,大连快捷客舍,沙河口区,4.1,128,95.0
1437,12,大连我爱之家酒店式公寓,沙河口区,4.5,295,556.0
1438,13,大连时代公寓,中山区,4.6,15,357.0
1439,14,尚客优快捷酒店(大连华南北站店),甘井子区,4.2,152,134.0
1440,15,大连国际机场宾馆,甘井子区,4.4,1739,478.0
1441,16,大连甘井子迎宾旅社,甘井子区,0.0,1,42.0
1442,17,大连阿萌印象青年旅舍,西岗区,4.7,98,687.0
1443,18,大连海滨城市酒店公寓万达广场店,高新园区,4.5,14,550.0
1444,19,大连润泰旅店,甘井子区,4.0,42,63.0
1445,20,大连万顺旅店,甘井子区,4.9,9,60.0
1446,21,远洋荣域家应精品酒店公寓(大连华南北站店)(原家应商旅酒店公寓),甘井子区,4.8,30,138.0
1447,22,大连千山商务酒店,甘井子区,4.4,686,158.0
1448,23,大连临海壹号度假酒店,中山区,4.7,45,358.0
1449,24,大连西山林语N加公寓(原天空雨滴酒店式公寓),甘井子区,4.6,41,244.0
1450,0,大连临海壹号度假酒店,中山区,4.7,45,358.0
1451,1,大连西山林语N加公寓(原天空雨滴酒店式公寓),甘井子区,4.6,41,244.0
1452,2,大连东城宾馆,金州区,0.0,2,138.0
1453,3,格林豪泰(大连保税区轻轨站万达广场店),东北三街160号区,4.4,243,131.0
1454,4,大连林顿精品酒店,中山区,4.3,168,238.0
1455,5,大连墅园客栈,金州区,0.0,4,121.0
1456,6,大连假日海湾主题宾馆,旅顺口区,4.7,36,97.0
1457,7,大连王德强ABc公寓(丹枫路分店),丹枫路(金石滩国家旅游度假区,0.0,13,154.0
1458,8,珍梦旅馆(大连辛寨子店),甘井子区,0.0,7,46.0
1459,9,大连晟铭旅馆,西岗区,4.8,8,60.0
1460,10,大连杯中海客舍,西岗区,4.8,15,293.0
1461,11,大连星海颐家酒店公寓,沙河口区,4.3,382,266.0
1462,12,大连章小夏Summer国际青年旅舍,黑石礁富丽庭大厦尖山街110一号楼区,4.3,17,50.0
1463,13,大连尚好家酒店式公寓,沙河口区,4.4,115,161.0
1464,14,大连宇豪主题酒店,金州区,4.8,8,150.0
1465,15,海之恋酒店式公寓(大连星海广场店),沙河口区,4.8,24,216.0
1466,16,大连一松亭宾馆,中山区,4.0,38,103.0
1467,17,大连盛隆旅店,金州区,5.0,5,76.0
1468,18,大连大庆宾馆,西岗区,4.4,141,98.0
1469,19,大连8090时尚公寓,金州区,4.8,36,198.0
1470,20,普兰店鸿缘温泉山庄,普兰店区,4.1,63,460.0
1471,21,大连金泰旅店,金州区,0.0,2,32.0
1472,22,大连Uhome精臻公寓式青年旅社,沙河口区,4.9,28,45.0
1473,23,韩帝宾馆(大连五一店),沙河口区,4.3,75,137.0
1474,24,大连北欧假日温馨之家酒店公寓,金州区,0.0,13,159.0
1475,0,韩帝宾馆(大连五一店),沙河口区,4.3,75,137.0
1476,1,大连北欧假日温馨之家酒店公寓,金州区,0.0,13,159.0
1477,2,大连金石旅舍公寓,万达·金石天成区,0.0,0,356.0
1478,3,大连德缘山庄,金州区,4.6,11,126.0
1479,4,大连正祥八号别墅酒店,金州区,4.9,13,225.0
1480,5,大连温馨港公寓,金州区,4.8,8,158.0
1481,6,OYO大连锦宏宾馆,金州区,4.9,14,56.0
1482,7,大连时代广场精品酒店公寓,金州区,4.4,32,200.0
1483,8,大连旅顺瀛渔温泉假日酒店,旅顺口区,4.1,89,118.0
1484,9,大连途掌柜102990精品民宿,青泥8号区,0.0,0,246.0
1485,10,大连雅馨宾馆,中山区,4.2,48,143.0
1486,11,大连馨海阁主题客舍,旅顺口区,4.2,140,63.0
1487,12,大连青青客栈,甘井子区,4.2,57,63.0
1488,13,大连莲花潭客舍,旅顺口区,3.3,10,83.0
1489,14,大连王仔主题宾馆,金州区,4.3,44,133.0
1490,15,大连温馨客舍,高新园区,4.0,79,98.0
1491,16,大连佰林圣豪酒店,金州区,0.0,0,129.0
1492,17,大连合沐元假日快捷宾馆,普兰店区,4.4,41,59.0
1493,18,大连万福酒店式公寓,金州区,4.6,35,168.0
1494,19,大连常来居旅店,甘井子区,4.3,15,35.0
1495,20,大连连池旅社,沙河口区,4.6,33,95.0
1496,21,大连佳诚客舍宾馆,沙河口区,4.0,38,106.0
1497,22,大连悦都旅馆,金州区,0.0,2,39.0
1498,23,大连斓都时尚宾馆,金州区,4.5,23,133.0
1499,24,大连大连星海维景公寓,星海大观C座西单元区,0.0,1,367.0
1500,0,大连大连星海维景公寓,星海大观C座西单元区,0.0,1,367.0
1501,1,大连可心的家度假别墅,恒基碧桂园金石滩区,0.0,0,1269.0
1502,2,大连雅居客栈,甘井子区,4.1,51,65.0
1503,3,大连居家客舍,旅顺口区,4.7,27,166.0
1504,4,大连众鑫客舍,金州区,4.6,23,31.0
1505,5,大连华春旅馆,沙河口区,4.6,17,80.0
1506,6,大连友军客舍,张前路辛茹街5号楼乐购斜对面区,4.3,20,62.0
1507,7,大连温馨客栈,沙区,4.3,26,113.0
1508,8,香榭里嘉鑫公寓(大连火车站店),中山区,3.9,9,218.0
1509,9,大连海霞旅馆,西岗区,0.0,3,68.0
1510,10,大连六合梧桐酒店式公寓万达海景公寓店,高新园区,4.3,62,139.0
1511,11,大连海礁石公寓,金马路56号(城润万家3栋2单元)区,0.0,0,237.0
1512,12,大连启航星海假日酒店,沙河口区,4.5,5,367.0
1513,13,大连摩宿小屋,金州区,0.0,9,126.0
1514,14,大连欣影旅馆,沙河口区,4.2,74,80.0
1515,15,大连德和客舍,西岗区,4.2,144,72.0
1516,16,大连鑫友客舍,沙河口区,4.3,115,62.0
1517,17,大连雅居士旅馆,沙河口区,4.2,76,173.0
1518,18,大连心海客舍,甘井子区,0.0,1,59.0
1519,19,大连祥云客舍,甘井子区,4.1,15,44.0
1520,20,大连鑫盛旅店,金州区,4.3,19,99.0
1521,21,大连舒雅酒店式公寓,中山区,4.7,182,248.0
1522,22,大连和隆宾馆NO.3店,甘井子区,0.0,10,129.0
1523,23,大连锦承商务宾馆,金州区,4.2,86,46.0
1524,24,大连博泉酒店,沙河口区,2.3,21,80.0
1525,0,大连博泉酒店,沙河口区,2.3,21,80.0
1526,1,大连马英公寓(3号店),南林路(圣林路62号楼城市印象星空公寓D座)区,0.0,0,172.0
1527,2,大连金色港汇酒店式公寓,中山区,4.4,145,209.0
1528,3,大连张先生特色民宿,金州区,0.0,14,152.0
1529,4,大连明庄旅店,金州区,0.0,0,76.0
1530,5,大连恩吉酒店式公寓星海大观店,沙河口区,4.7,59,239.0
1531,6,大连一家人旅店民政街店,沙河口区,4.1,7,51.0
1532,7,大连新西岗宾馆,西岗区,4.0,21,74.0
1533,8,大连福佳新天地酒店式自助公寓,沙河口区,4.3,22,117.0
1534,9,大连爱久主题宾馆,旅顺口区,4.5,170,93.0
1535,10,大连人人居洗浴酒店,沙河口区,4.3,32,108.0
1536,11,大连悦程酒店公寓,金州区,4.2,80,114.0
1537,12,大连温馨时尚酒店式公寓,沙河口区,4.9,10,638.0
1538,13,大连丰源快捷旅馆,甘井子区,0.0,4,50.0
1539,14,大连八零后与海旅店,金州区,4.4,43,108.0
1540,15,大连宝来宜居公寓,沙河口区,0.0,1,100.0
1541,16,大连金江海悦大酒店(原黄河大酒店),沙河口区,4.4,817,338.0
1542,17,大连百合客舍,甘井子区,4.2,132,154.0
1543,18,大连德泓酒店,中山区,4.4,241,134.0
1544,19,大连凯泰铭座公寓,沙河口区,0.0,4,548.0
1545,20,大连音乐村青年旅馆,旅顺口区,4.3,59,44.0
1546,21,大连阿婷Abby️公寓,远洋时代城(摩宿公寓)区,0.0,0,136.0
1547,22,大连腾悦客舍,西岗区,0.0,6,85.0
1548,23,大连嘉宴快捷酒店,甘井子区,2.7,14,131.0
1549,24,OYO大连玛克公寓,中山区,4.1,41,144.0
1550,0,OYO大连玛克公寓,中山区,4.1,41,144.0
1551,1,大连鑫意宾馆,甘井子区,0.0,2,108.0
1552,2,大连开发区金石滩海岸王子假日公寓(金石路店),金州区,0.0,19,144.0
1553,3,明捷酒店式公寓(大连百年汇店),沙河口区,4.3,351,238.0
1554,4,大连和源商务旅馆,中山区,4.1,26,143.0
1555,5,OYO大连宾茂客舍,沙河口区,4.4,74,86.0
1556,6,大连锦承青年旅馆,大连市西岗区,4.4,28,48.0
1557,7,大连海居铂尔特度假公寓,沙河口区,0.0,220,299.0
1558,8,大连天天乐之家公寓(3号店),凌水街道王家村凌秀小区,0.0,0,118.0
1559,9,大连聚源客舍,甘井子区,4.0,20,50.0
1560,10,大连开心行酒店式公寓,沙河口区,0.0,1,149.0
1561,11,大连东方星海碧海蓝天公寓式酒店,沙河口区,4.2,17,236.0
1562,12,大连W‘shouse公寓(12号店),水木华庭区,0.0,0,172.0
1563,13,大连鑫源客舍,沙河口区,0.0,10,77.0
1564,14,大连小白兔酒店式公寓,中山区,4.2,78,118.0
1565,15,大连金石滩轻轨旁近发现王国鲁能优山美地公寓,鲁能优山美地北2区,0.0,1,366.0
1566,16,大连颐家海景公寓（东港店）(3号店),港浦路58号区,0.0,1,274.0
1567,17,大连如归旅店,金州区,4.1,9,80.0
1568,18,大连58酒店式公寓数码广场店,沙河口区,4.3,14,183.0
1569,19,大连鲸鹿海宿,西岗区,4.2,30,1099.0
1570,20,大连海湾客舍,旅顺口区,4.2,28,67.0
1571,21,大连吉成商务宾馆,金州区,3.9,95,103.0
1572,22,顺和酒店公寓(大连宝发金钻店),沙河口区,4.3,15,273.0
1573,23,大连温暖如家宾馆(原旅顺口如家客舍),旅顺口区,0.0,3,98.0
1574,24,大连软景E居致青春时尚酒店式公寓(2号店),数码路北段区,0.0,0,214.0
1575,0,大连文兰公寓,雁南园-202号楼(雁南园)区,0.0,5,200.0
1576,1,大连梵云艺舍高级服务式公寓,金州区,4.0,34,132.0
1577,2,大连金石滩阳光雨露酒店式公寓,金州区,0.0,18,126.0
1578,3,大连港湾壹号信和居酒店,中山区,4.2,389,409.0
1579,4,大连温馨之家客舍,高新园区,0.0,8,89.0
1580,5,大连大树下的老宅,旅顺口区,0.0,1,598.0
1581,6,大连正大客舍,西岗区,4.3,33,103.0
1582,7,大连铁道快捷酒店,中山区,4.4,24,410.0
1583,8,大连星海馨月阁酒店式公寓,沙河口区,4.2,234,216.0
1584,9,大连金浦来宾馆,旅顺口区,0.0,4,99.0
1585,10,大连星海星月酒店式公寓,沙河口区,4.1,216,389.0
1586,11,大连桃源别墅酒店(原金石滩吉庆福旅店),金州区,4.4,97,173.0
1587,12,宾茂客舍(大连旅顺店),旅顺口区,4.1,68,63.0
1588,13,大连金爵万象公馆,中山区,4.4,52,599.0
1589,14,大连鑫海酒店式公寓,沙河口区,4.0,65,259.0
1590,15,大连万华度假酒店,金州区,0.0,3,128.0
1591,16,大连金石滩蜜罐公寓,金州区,4.3,79,602.0
1592,17,大连开发区大自然宾馆,金州区,4.2,42,35.0
1593,18,大连美之约海景公寓式酒店,西岗区,4.4,61,198.0
1594,19,爱家酒店式公寓(大连解放路店)(原慧慧的家公寓),中山区,4.4,9,228.0
1595,20,大连宏利旅馆,甘井子区,4.1,23,69.0
1596,21,大连凯旋时代家庭式公寓,西岗区,4.0,26,97.0
1597,22,大连英豪左岸经典酒店式公寓,金州区,4.1,37,231.0
1598,23,华驿酒店(大连开发区万达广场城市学院店)(原港湾印象连锁酒店),金州区,4.2,67,50.0
1599,24,大连金石滩风情假日酒店,金州区,4.3,23,298.0
1600,0,华驿酒店(大连开发区万达广场城市学院店)(原港湾印象连锁酒店),金州区,4.2,67,50.0
1601,1,大连金石滩风情假日酒店,金州区,4.3,23,298.0
1602,2,派柏·云酒店(大连机场前辛如街店)(原佳德宾馆),甘井子区,4.1,12,168.0
1603,3,大连临港商城客房,金州区,4.0,19,32.0
1604,4,大连泓祥大酒店,旅顺口区,4.0,43,168.0
1605,5,大连南鑫旅馆(米徕快捷酒店三部),甘井子区,0.0,7,50.0
1606,6,大连鑫丰宾馆,中山区,4.2,28,199.0
1607,7,大连绿灯酒店,西岗区,4.0,11,200.0
1608,8,大连孙女士特色民宿,金州区,4.2,53,210.0
1609,9,大连时代广场亿家橼商务酒店,金州区,4.2,27,224.0
1610,10,大连百年假日酒店,沙河口区,4.2,43,398.0
1611,11,大连金石滩富小姐民宿(2号店),远洋假日养生庄园(发现王国黄金海岸附近)区,0.0,0,715.0
1612,12,大连营港大酒店,旅顺口区,4.2,68,240.0
1613,13,大连金丰商务酒店,金州区,4.4,29,182.0
1614,14,大连西安路度假公寓(5号店),兴工南五街11号(福佳新天地)区,0.0,0,200.0
1615,15,柒天酒店(大连火车站鞍山路店),沙河口区,4.2,210,259.0
1616,16,大连旅顺华发蓝海湾精品公寓(2号店),大连旅顺口区,0.0,1,172.0
1617,17,大连馨海之恋酒店式公寓,沙河口区,4.4,18,524.0
1618,18,大连海事大学国际海事公寓,甘井子区,4.2,39,280.0
1619,19,大连金石渔人酒店,大连市金石滩国家旅游度假区,4.0,59,458.0
1620,20,大连途掌柜103046精品民宿,中航国际广场-A2栋区,0.0,0,217.0
1621,21,大连豪廷家庭式酒店公寓(原如约家庭式公寓),中山区,4.4,50,208.0
1622,22,大连蓝之夕雨公寓,大连甘井子区,0.0,1,366.0
1623,23,大连大黑山酒店,大连金州区,4.2,23,88.0
1624,24,大连万泊宾馆,金州区,0.0,3,142.0
1625,0,大连蓝之夕雨公寓,大连甘井子区,0.0,1,366.0
1626,1,大连大黑山酒店,大连金州区,4.2,23,88.0
1627,2,大连万泊宾馆,金州区,0.0,3,142.0
1628,3,大连金石蓝海酒店式度假公寓,金州区,4.3,93,158.0
1629,4,大连市新首坞尔洗浴客房部,中山区,4.2,28,99.0
1630,5,苹果度假公寓(大连亿合城店)(原苹果酒店式公寓华南广场亿合城店),甘井子区,4.3,125,141.0
1631,6,大连普兰店大众旅社,普兰店区,0.0,4,68.0
1632,7,大连欣怡时尚客房,甘井子区,0.0,3,93.0
1633,8,大连连锁1号酒店式公寓,沙河口区,4.2,27,164.0
1634,9,大连悦心客舍,甘井子区,0.0,0,99.0
1635,10,大连爱琴海海景公寓(原鹏威海景酒店公寓),甘井子区,4.1,38,318.0
1636,11,大连天晟宾馆,西岗区,0.0,0,103.0
1637,12,大连渔人码头-港湾商务宾馆,中山区,4.2,496,556.0
1638,13,大连行者无疆.公寓,金州区,0.0,24,154.0
1639,14,梦之夜假日宾馆(大连星海大观店),沙河口区,4.4,49,505.0
1640,15,大连锦川宾馆,西岗区,4.1,47,116.0
1641,16,大连鑫源旅馆,金州区,0.0,0,40.0
1642,17,大连大连华馨公寓,大连沙河口区,0.0,0,439.0
1643,18,大连大连我爱我家公寓,大连沙河口区,0.0,1,126.0
1644,19,大连一鸣宾馆,甘井子区,4.2,26,73.0
1645,20,大连隆兴旅馆,甘井子区,0.0,5,39.0
1646,21,大连金石鑫商务宾馆,金州区,4.4,57,108.0
1647,22,大连风日水缤客舍,中山区,3.4,50,59.0
1648,23,大连星海安格尔花园酒店式公寓,沙河口区,4.3,42,209.0
1649,24,大连艾俪主题宾馆,普兰店区,0.0,3,93.0
1650,0,大连芒果度假公寓,甘井子区,4.7,1175,161.0
1651,1,麗枫酒店(大连软件园理工大学店),高新园区,4.6,560,228.0
1652,2,大连神舟商旅酒店,中山区,4.4,1306,133.0
1653,3,丽佳海岸酒店式公寓(大连万达广场店),高新园区,4.7,750,131.0
1654,4,大连懒惰的比尔青旅酒店,高新园区,4.8,173,52.0
1655,5,澜景酒店式公寓(大连万达广场店),高新园区,4.8,614,155.0
1656,6,大连金石度假公寓发现王国店,金州区,4.8,508,220.0
1657,7,星光丽湾商务公寓(大连华南广场店),甘井子区,4.8,499,152.0
1658,8,和颐至格酒店(大连高新园区店),沙河口区,4.7,641,408.0
1659,9,大连星海阔景酒店式公寓,沙河口区,4.8,422,220.0
1660,10,大连犀牛度假·美丽青年旅舍（大连火车站青泥洼桥店）,中山区,4.6,1085,43.0
1661,11,OYO大连联惠酒店,金州区,4.7,295,96.0
1662,12,大连东方大厦,金州区,4.8,506,462.0
1663,13,大连多乐居精品公寓,中山区,4.8,79,199.0
1664,14,大连英花公寓式酒店,中山区,4.5,67,164.0
1665,15,大连金玉阁酒店公寓,沙河口区,4.8,1255,272.0
1666,16,大连星海大观酒店公寓,沙河口区,4.4,530,274.0
1667,17,大连星海广场斌盛酒店式公寓,沙河口区,4.6,178,175.0
1668,18,星海广场酒店式公寓(大连东方星海店),沙河口区,4.8,187,241.0
1669,19,依海假日酒店式公寓(大连高新园区万达广场店),高新园区,4.7,1076,192.0
1670,20,尚境艺术酒店(大连开发区万达广场店),金州区,4.6,273,145.0
1671,21,大连凯伦温泉酒店,金州区,4.4,748,166.0
1672,22,雪鸮精选酒店(大连西安路星海广场店),沙河口区,4.6,477,194.0
1673,23,大连星辰假日酒店公寓,沙河口区,4.9,706,220.0
1674,24,大连柏客商务公寓,甘井子区,4.8,748,177.0
1675,0,大连艾俪主题宾馆,普兰店区,0.0,3,93.0
1676,1,大连芒果三室两厅豪华家庭房酒店式公寓,金州区,0.0,106,255.0
1677,2,大连海悦馨酒店式公寓,金州区,4.3,7,183.0
1678,3,大连浪漫满屋家庭旅馆,高新园区,4.3,11,162.0
1679,4,大连智仁旅馆,中山区,4.4,12,194.0
1680,5,大连港湾隽景酒店式公寓,发达街18号（港湾隽景c2栋21层）区,4.0,18,245.0
1681,6,大连东大客舍,甘井子区,0.0,11,59.0
1682,7,大连八七宾馆,西岗区,4.3,41,194.0
1683,8,大连钻石湾海景酒店,西岗区,4.1,49,699.0
1684,9,大连星海驿家酒店公寓星海广场店,沙河口区,4.1,139,132.0
1685,10,大连金屿梵花酒店式公寓,金州区,5.0,8,153.0
1686,11,大连行者无疆.公寓(11号店),水木华庭-北门区,0.0,0,145.0
1687,12,大连祥悦旅馆,甘井子区,0.0,7,59.0
1688,13,大连凯旋温馨公寓,西岗区,3.7,243,87.0
1689,14,大连顺禧旅社,旅顺口区,0.0,3,76.0
1690,15,大连宏阳快捷旅店,金州区,0.0,6,35.0
1691,16,大连窝趣服务公寓,胜利路178号瑞栢中心窝趣服务式公寓（胜利路与北山路交界，光明派出所对面）区,0.0,4,219.0
1692,17,大连舒心旅馆,旅顺口区,0.0,4,76.0
1693,18,大连花样年华公寓(鲁迅路分店),中山区,0.0,1,219.0
1694,19,大连悠家民宿（辽宁店）,蓝天佳苑(迎客路2号)区,0.0,1,598.0
1695,20,大连开发区金丰亿家橼酒店公寓,金州区,0.0,0,155.0
1696,21,大连旅顺华发蓝海湾精品公寓(4号店),大连旅顺口区,0.0,0,448.0
1697,22,大连富贵公寓(游艇路分店),大连沙河口区,0.0,0,458.0
1698,23,天马旅店(大连黄浦路店),黄浦路298-6号(香蕉旅馆旁边)区,2.3,20,51.0
1699,24,大连美林招待所,普兰店区,0.0,4,40.0
1700,0,大连夏宇轩宾馆,中山区,0.0,2,83.0
1701,1,大连浪漫满屋公寓,大连市中山区,0.0,0,209.0
1702,2,大连禧田·有海民宿,金州区,0.0,0,548.0
1703,3,大连香城商务酒店,金州区,2.8,10,98.0
1704,4,瓴悦服务公寓(大连开发区万达广场店),开发区,4.9,45,148.0
1705,5,大连星辰快捷酒店,沙河口区,3.4,19,112.0
1706,6,大连月宫旅馆,金州区,0.0,4,39.0
1707,7,大连凯旋精品公寓·芙蓉假日民宿(7号店),大连西岗区,0.0,0,165.0
1708,8,大连福佳招待所,甘井子区,0.0,7,69.0
1709,9,大连黑石礁辰熙星海国际蓝梦之家公寓,沙河口区,0.0,34,205.0
1710,10,大连广源客舍虹港路店,甘井子区,3.5,179,103.0
1711,11,大连伊景瑞林酒店式公寓,中山区,0.0,2,246.0
1712,12,大连嘉年华客舍,甘井子区,0.0,5,59.0
1713,13,天意客舍(大连兴建街店),西岗区,2.0,9,35.0
1714,14,大连瑞缘酒店式公寓,沙河口区,0.0,2,697.0
1715,15,大连滨海假日酒店公寓星海广场店,沙河口区,0.0,61,247.0
1716,16,大连东门客如家旅店,金州区,0.0,3,56.0
1717,17,一家人旅店(大连新华店),沙河口区,0.0,2,54.0
1718,18,大连豪客旅店丰荣市场店,普兰店区,0.0,5,36.0
1719,19,大连盛洁旅馆,甘井子区,3.9,155,101.0
1720,20,大连速7酒店,沙河口区,3.9,330,59.0
1721,21,大连华安酒店式公寓西安路店,沙河口区,3.3,483,351.0
1722,22,金兴旅馆(大连车家村店),沙河口区,0.0,0,50.0
1723,23,和睦家庭公寓(大连之江路店),金州区,0.0,5,264.0
1724,24,大连家馨酒店公寓,沙河口区,0.0,28,248.0
1725,0,大连恋家家庭公寓(3号店),理工大学凌秀路区,0.0,1,169.0
1726,1,大连乾元快捷酒店,沙河口区,3.9,46,223.0
1727,2,大连金石滩海边京立度假公寓(2号店),中心大街辅路(雅石园西门)区,0.0,2,274.0
1728,3,大连首尔商务酒店,中山区,3.1,43,138.0
1729,4,大连飞宇客栈,金州区,5.0,6,64.0
1730,5,大连宏伟旅馆,沙河口区,0.0,5,50.0
1731,6,大连fu女士公寓,大连甘井子区,0.0,0,92.0
1732,7,OYO大连欧菲纳主题宾馆,海霞街245-3号区,4.6,16,381.0
1733,8,大连瞰海晓筑公寓,大连沙河口区,0.0,120,453.0
1734,9,大连金石滩发现王国黄金海岸民宿(2号店),龙谷街(德家与海小区,0.0,1,191.0
1735,10,大连君海美墅度假别墅(4号店),君海(金石滩海滨东路1号)区,0.0,1,384.0
1736,11,大连豪廷商务酒店,甘井子区,3.6,83,131.0
1737,12,大连幸福里宾馆,中山区,2.1,31,64.0
1738,13,大连大连笨的可以公寓,大连旅顺口区,0.0,0,393.0
1739,14,大连哈尼妹er公寓,胜利路178(光明街道胜利路178号)区,0.0,8,126.0
1740,15,大连郭姐公寓(3号店),金石滩国家旅游度假区,0.0,1,182.0
1741,16,大连鑫美佳海景公寓绿地中心店,绿地中心A1(港隆路12-1绿地中心A1座)区,0.0,2,513.0
1742,17,大连大商嘉华假日公寓式酒店,金州区,3.9,44,128.0
1743,18,大连恒达酒店,长江路244号4层区,0.0,2,132.0
1744,19,大连桐桐妈妈特色民宿,沙河口区,0.0,9,192.0
1745,20,越鑫旅馆(大连西安路店),沙河口区,0.0,4,73.0
1746,21,大连●星海广场臻品民宿,沙河口区,3.4,446,236.0
1747,22,大连江缘服务公寓酒店,大连开发区,0.0,1,191.0
1748,23,大连佳兆业民宿(7号店),佳兆业中心(东港凯丹商场正对面)区,0.0,0,286.0
1749,24,大连客来顺旅店,经济技术开发区,0.0,1,26.0
1750,0,大连成园温泉山庄,甘井子区,3.8,170,164.0
1751,1,大连新天源宾馆,开发区,4.9,10,153.0
1752,2,大连渌明荷花宾馆,旅顺口区,0.0,2,83.0
1753,3,大连金泉宾馆,甘井子区,4.4,69,83.0
1754,4,大连林苑旅店,金州区,3.0,11,77.0
1755,5,大连星海广场新时代酒店式公寓,沙河口区,0.0,41,248.0
1756,6,大连王仔假日我的公寓房(3号店),金石滩浪漫樱花假日公寓(开发区,0.0,1,356.0
1757,7,大连金石滩日月星酒店式公寓(7号店),金石滩街道(王子假日小区,0.0,0,182.0
1758,8,大连Rain声公寓(6号店),城市印象东区,0.0,7,358.0
1759,9,大连伊典伊景华园酒店式公寓,中山区,3.9,178,145.0
1760,10,大连福庭商务宾馆,沙河口区,3.4,89,168.0
1761,11,OYO大连居家宾馆,沙河口区,3.7,23,103.0
1762,12,大连益缘旅馆,甘井子区,0.0,8,48.0
1763,13,大连锦承快捷酒店,中山区,3.9,314,110.0
1764,14,大连珊瑚海情景公寓（开发区万达广场店）,团地二路(开发区,0.0,51,145.0
1765,15,大连东城天下快捷酒店,金州区,3.8,112,165.0
1766,16,大连连成快捷宾馆,大连沙河口区,3.4,10,112.0
1767,17,大连大有宾馆,中山区,3.5,155,178.0
1768,18,大连书中人度假别墅(10号店),大连金州区,0.0,0,78.0
1769,19,大连承家快捷商务宾馆,普兰店区,4.4,128,97.0
1770,20,大连心悦旅馆,甘井子区,4.0,14,56.0
1771,21,大连宜家居海景酒店式公寓,是明泽街82号区,0.0,0,329.0
1772,22,大连鑫鑫旅馆,甘井子区,2.0,13,103.0
1773,23,大连多乐居精品设计师公寓,金州区,0.0,2,110.0
1774,24,金牛宾馆(大连一部),甘井子区,0.0,5,278.0
1775,0,大连青芒海景公寓,中山区,0.0,0,367.0
1776,1,大连茗慧客舍,沙河口区,4.4,148,67.0
1777,2,大连星海大观蓝天酒店公寓(西安路分店),西安路-地铁站(中央大道福佳新天地E座2单元)区,0.0,14,161.0
1778,3,大连周水前爱丽舍壹方公寓,甘井子区,3.9,122,154.0
1779,4,大连大连老男孩2019公寓,良运四季汇1号楼(二七广场，东港音乐喷泉附近)区,0.0,0,154.0
1780,5,大连亦家青旅,金州区,4.6,7,87.0
1781,6,大连昌宏快捷宾馆,甘井子区,0.0,4,43.0
1782,7,大连众群旅店,金州区,0.0,5,39.0
1783,8,大连万元旅馆,甘井子区,0.0,0,46.0
1784,9,大连千忆旅馆,甘井子区,0.0,9,33.0
1785,10,大连开发区金马杰座小海日租公寓,鞍山街10号(金马杰座小区,0.0,0,152.0
1786,11,大连城市旋律酒店式公寓(宝贝渡口儿童乐园分店),沙河口区,0.0,4,699.0
1787,12,大连果果果民宿,澳南明秀嘉园区,0.0,18,264.0
1788,13,大连FU快捷连锁酒店,大连市沙河口区,3.0,23,109.0
1789,14,大连海韵乐宿酒店,中山区,3.9,25,146.0
1790,15,大连源发旅馆,金州区,0.0,0,33.0
1791,16,大连大连美好家园公寓,大连高新园区,0.0,0,173.0
1792,17,大连明瑞左岸经典时尚公寓,金州区,4.7,77,114.0
1793,18,大连大连穿越之旅茶友休闲别墅(滨海公路分店),御龙海湾二期(海边公寓)区,0.0,0,154.0
1794,19,大连意顺旅店,金州区,0.0,0,42.0
1795,20,大连怕冷的雪人公寓(5号店),南林路-公交车站(城市印象公寓D座)区,0.0,0,274.0
1796,21,大连开发区万达主题民宿(3号店),大连经济技术开发区,0.0,0,172.0
1797,22,大连云海谣公寓(4号店),顺乐街(100号香海连天北门)区,0.0,0,172.0
1798,23,大连左岸鸿杨公寓(兴城路分店),金州区,0.0,4,119.0
1799,24,大连山尖公寓,甘井子区,0.0,25,126.0
1800,0,大连星海广场海天民宿,沙河口区,3.8,138,306.0
1801,1,大连易居宾馆,甘井子区,3.5,21,139.0
1802,2,祥瑞宾馆(大连帝欧花园)(原金贞姬宾馆),沙河口区,0.0,2,138.0
1803,3,船舶明珠酒店(大连中山店),中山区,3.9,114,188.0
1804,4,大连僖乐居休闲旅馆,大连金州大连金石滩金石明珠小区,0.0,3,80.0
1805,5,大连明清阁楼,普兰店区,0.0,10,30.0
1806,6,大连金石滩转盘水木华庭爱心公寓(绿水街分店),金州区,0.0,27,154.0
1807,7,大连鑫海源快捷酒店,中山区,3.9,56,75.0
1808,8,大连天烔宾馆,西岗区,3.5,147,102.0
1809,9,大连车站旅社,旅顺口区,0.0,8,35.0
1810,10,大连观海楼旅馆,旅顺口区,3.2,89,71.0
1811,11,大连雨轩客舍,甘井子区,3.2,76,108.0
1812,12,大连福园酒店(原益峰酒店),沙河口区,3.6,39,30.0
1813,13,大连香海客舍,旅顺口区,1.7,6,36.0
1814,14,大连双成家庭房公寓(2号店),凌秀小区,0.0,4,91.0
1815,15,大连金辉家公寓,大连甘井子区,0.0,0,126.0
1816,16,大连阳光商务旅馆,甘井子区,3.3,7,80.0
1817,17,大连中央公馆酒店式公寓,中山区,3.4,270,142.0
1818,18,大连嘉客休闲酒店,甘井子区,3.1,30,130.0
1819,19,大连盈拓爱俪舍假日公寓,甘井子区,3.7,31,149.0
1820,20,大连花园大酒店,大连市中山区,0.0,2,176.0
1821,21,大连庭安阁度假别墅,金州区,0.0,3,296.0
1822,22,大连金石滩铂金度假公寓,金州区,3.6,90,170.0
1823,23,大连汇鑫宾馆,大连市开发区,0.0,3,112.0
1824,24,大连瓴悦服务公寓,金州区,0.0,1,475.0
1825,0,大连经典生活复式海景公寓,中山区,0.0,2,238.0
1826,1,大连宝霞·新满意客栈,石河街道唐家村 地图区,0.0,5,100.0
1827,2,大连沐府商务酒店,沙河口区,3.8,8,185.0
1828,3,大连北站新都汇酒店式公寓,甘井子区,3.8,136,131.0
1829,4,大连三水快捷酒店,甘井子区,3.4,108,178.0
1830,5,大连星海岸假日公寓,沙河口区,3.5,124,169.0
1831,6,大连广慧客舍(原广源客舍兰玉街店),沙河口区,0.0,7,72.0
1832,7,大连舒合旅馆,甘井子区,0.0,10,43.0
1833,8,大连新纪元大酒店,旅顺口区,3.9,170,440.0
1834,9,大连佳朋旅馆,中山区,3.4,22,69.0
1835,10,大连鑫海旅馆,沙河口区,3.9,15,108.0
1836,11,大连齐佳精品公寓,沙河口区,0.0,0,110.0
1837,12,大连一朵阳光客栈,金州区,0.0,5,138.0
1838,13,大连祥云居客栈,金州区,2.2,20,62.0
1839,14,速8酒店(大连青泥洼桥火车站店),中山区,2.8,11,159.0
1840,15,大连喜龙宾馆,中山区,3.8,64,178.0
1841,16,大连亿佳朋友主题宾馆,旅顺口区,3.9,13,158.0
1842,17,大连东海招待所,西岗区,0.0,8,53.0
1843,18,大连给您旅行中温馨的家公寓,中山区,0.0,167,198.0
1844,19,大连好运旅馆,甘井子区,3.9,14,42.0
1845,20,大连三星大厦酒店式公寓,高新园区,3.8,58,228.0
1846,21,大连融昌客舍,甘井子区,3.1,12,188.0
1847,22,顺鑫旅馆(大连大连湾店),甘井子区,0.0,1,91.0
1848,23,大连永丰客舍,西岗区,0.0,3,49.0
1849,24,旺客旅社(大连商务学院店),甘井子区,2.7,48,35.0
1850,0,大连天丰旅馆,金州区,0.0,3,39.0
1851,1,大连瑞雪旅店,甘井子区,0.0,2,36.0
1852,2,大连君海美墅度假别墅(海滨东路分店),金石滩海滨东路1号区,0.0,1,356.0
1853,3,大连铭人主题宾馆,甘井子区,0.0,2,121.0
1854,4,大连明洁旅馆,甘井子区,0.0,6,50.0
1855,5,晓伟客舍(大连辛寨子店),甘井子区,0.0,5,34.0
1856,6,大连家之恋旅店,金州区,0.0,7,59.0
1857,7,大连鸿府旅馆,甘井子区,2.7,60,66.0
1858,8,大连尚佳时尚酒店式公寓,沙河口区,0.0,2,435.0
1859,9,大连天太驿馆,中山区,2.7,24,118.0
1860,10,大连鑫泉客舍,甘井子区,0.0,4,52.0
1861,11,大连春江宾馆,旅顺口区,3.5,9,58.0
1862,12,大连富园旅馆,西岗区,0.0,1,43.0
1863,13,大连山河丽月公寓,金州区,3.7,56,94.0
1864,14,大连中汇商务酒店西安路店,沙河口区,3.7,149,138.0
1865,15,大连天意客舍连平街店,西岗区,2.7,12,42.0
1866,16,大连洋洋快捷旅店,甘井子区,0.0,15,60.0
1867,17,大连客来旅馆,甘井子区,0.0,4,60.0
1868,18,大连伍间美宿,中山区,0.0,4,836.0
1869,19,大连RN海彼岸公寓,沙河口区,0.0,16,155.0
1870,20,大连千汇城酒店式公寓,中山区,3.8,89,158.0
1871,21,大连金石滩海悦馨假日公寓,金州区,0.0,72,184.0
1872,22,大连幸福旅馆(沙河口店),沙河口区,3.9,17,59.0
1873,23,大连伊景宇轩庭酒店式公寓,中山区,0.0,198,195.0
1874,24,大连黄金山大酒店,旅顺口区,0.0,4,381.0
1875,0,大连黄金山大酒店,旅顺口区,0.0,4,381.0
1876,1,大连祥云旅馆,西岗区,0.0,13,34.0
1877,2,大连粮油宾馆,中山区,3.2,44,54.0
1878,3,柏拉图主题酒店式公寓(大连开发区万达广场店),金州区,3.7,10,159.0
1879,4,大连大洋旅馆,中山区,2.9,61,25.0
1880,5,大连美家快捷宾馆,甘井子区,3.2,29,67.0
1881,6,大连新大洋旅馆,西岗区,2.9,32,64.0
1882,7,客来思乐宾馆(大连周水子机场店),甘井子区,3.4,83,121.0
1883,8,大连万兴宾馆,西岗区,2.8,52,138.0
1884,9,大连红玫瑰大酒店,甘井子区,3.6,17,258.0
1885,10,大连一罐原味酸奶公寓,金州区,0.0,2,109.0
1886,11,大连佳华旅馆,西岗区,3.0,59,138.0
1887,12,大连欧吧主题宾馆,普兰店区,0.0,6,115.0
1888,13,大连三寰大酒店,西岗区,3.7,65,260.0
1889,14,广发招待所(大连火车站店),西岗区,0.0,2,122.0
1890,15,世达酒店(大连中山店),中山区,3.6,13,158.0
1891,16,大连豪廷经典主题宾馆,甘井子区,3.9,32,159.0
1892,17,大连维璟酒店,大连市中山区,2.3,25,130.0
1893,18,大连金海洋温泉假日酒店,旅顺口区,0.0,3,448.0
1894,19,大连佳宇宾馆,中山区,3.8,55,94.0
1895,20,大连艾珊精品酒店公寓,辽河西路119号19层8号区,0.0,4,109.0
1896,21,大连林亮快捷酒店,西岗区,0.0,2,168.0
1897,22,大连众鑫快捷宾馆,普兰店区,0.0,5,88.0
1898,23,大连山海客舍,旅顺口区,3.3,21,88.0
1899,24,大连兴盛快捷旅店,金州区,0.0,8,138.0
1900,0,大连德和园海鲜酒楼,普兰店区,0.0,2,72.0
1901,1,吉祥旅馆(大连星海广场店),沙河口区,0.0,5,62.0
1902,2,大连龙昇旅馆,甘井子区,0.0,3,40.0
1903,3,大连弘基宾馆,中山区,3.1,25,121.0
1904,4,大连万利客舍,中山区,0.0,2,169.0
1905,5,大连枫林晚ins风酒店,甘井子区,0.0,1,198.0
1906,6,大连咱家旅馆,中山区,0.0,1,63.0
1907,7,大连郡豪酒店式公寓火车站店,中山区,2.2,51,71.0
1908,8,大连华兴招待所,甘井子区,0.0,10,43.0
1909,9,大连和隆宾馆泡崖市场店,甘井子区,0.0,4,102.0
1910,10,大连万发快捷宾馆,旅顺口区,3.5,38,100.0
1911,11,大连美嘉华阳光酒店式公寓(原荣荣酒店式公寓),大连沙河口区,0.0,1,150.0
1912,12,大连假日海岸公寓,金州区,0.0,3,128.0
1913,13,大连聚朋旅社,兴建街南段附近区,0.0,4,41.0
1914,14,大连主题民宿,沙河口区,0.0,0,156.0
1915,15,大连蓝色海洋酒店式公寓,沙河口区,3.7,94,248.0
1916,16,大连华盛主题宾馆,高新园区,3.6,34,68.0
1917,17,大连北站可馨公寓,大连甘井子区,0.0,6,146.0
1918,18,大连静缘快捷旅馆,甘井子区,0.0,7,59.0
1919,19,大连云河温泉酒店,普兰店区,0.0,2,268.0
1920,20,大连外滩假日宾馆,普兰店区,0.0,6,86.0
1921,21,大连军哥商务宾馆(原春雨旅店),金州区,0.0,4,100.0
1922,22,大连佳家客舍,金州区,3.7,23,50.0
1923,23,大连万豪水汇洗浴休闲酒店,大连市沙河口区,0.0,1,151.0
1924,24,大连亿佳主题宾馆,旅顺口区,0.0,6,239.0
1925,0,鹏利多精品海景酒店式公寓(大连高新万达店),高新园区,4.4,650,599.0
1926,1,金石滩桃源休闲度假酒店(大连发现王国店)(原黄金海岸店),天鹅湖度假村338-339号区,4.3,632,133.0
1927,2,欢墅·度假别墅(大连世茂御龙海湾店),金州区,4.9,122,185.0
1928,3,大连易家酒店,中山区,4.7,124,148.0
1929,4,大连星辰公寓,甘井子区,4.8,150,180.0
1930,5,大连禧瑞居公寓,西岗区,4.7,60,149.0
1931,6,明捷酒店式公寓(大连万达广场店),高新园区,4.8,576,126.0
1932,7,大连璞宿民宿,西岗区,4.9,11,308.0
1933,8,大连佰斯特酒店式公寓万达广场店,高新园区,4.7,1015,156.0
1934,9,大连维多利亚酒店式公寓,中山区,4.9,37,340.0
1935,10,Q加·大连名传世纪精品酒店,金州区,4.8,553,310.0
1936,11,大连尚庭万达海景公寓,高新园区,4.6,937,159.0
1937,12,恋家酒店式公寓(大连星海广场店),沙河口区,4.6,446,260.0
1938,13,大连悠居精品度假公寓,旅顺口区,4.8,193,400.0
1939,14,大连海悦湾酒店式公寓,沙河口区,4.8,1143,282.0
1940,15,昊天酒店式公寓(大连星海杰特店),沙河口区,4.5,489,350.0
1941,16,大连航天大厦,高新园区,4.8,83,295.0
1942,17,大连星海爱尚家时尚酒店,沙河口区,4.7,784,201.0
1943,18,大连梵谷公寓,数码广场亿达软景E居区,4.7,122,212.0
1944,19,大连安纳西酒店式公寓,沙河口区,4.4,90,164.0
1945,20,大连星海房东姑娘公寓,沙河口区,4.7,126,273.0
1946,21,大连听海居酒店式公寓,沙河口区,4.7,530,261.0
1947,22,大连三明聚花园酒店,旅顺口区,4.0,179,438.0
1948,23,大连鼎盛海景公寓,中山区,4.9,106,439.0
1949,24,大连宾悦假日酒店式公寓,高新园区,4.8,455,139.0
1950,0,大连橙色时代服务公寓(大连市民族艺术馆分店),三春街/联合路(路口)(国资创新大厦侧面)区,0.0,164,182.0
1951,1,大连星海如幻小栈,沙河口区,0.0,4,359.0
1952,2,大连巨源快捷宾馆,普兰店区,0.0,13,43.0
1953,3,大连星尚快捷酒店,沙河口区,3.5,30,138.0
1954,4,大连漫居—小院(永兴寺分店),大连甘井子区,0.0,1,117.0
1955,5,大连星愿公寓,沙河口区,0.0,3,289.0
1956,6,大连疲倦公寓(2号店),大连旅顺口区,0.0,1,264.0
1957,7,大连鸿达旅馆,甘井子区,0.0,34,62.0
1958,8,大连滨城旅社一部,大连甘井子区,0.0,0,93.0
1959,9,大连北山客舍,甘井子区,0.0,2,128.0
1960,10,大连宝利莱旅店,金州区,0.0,14,59.0
1961,11,大连恋家酒店式公寓文荟小区店,大连甘井子区,0.0,1,79.0
1962,12,大连毅懿宾馆,西岗区,0.0,18,158.0
1963,13,大连龙泉客舍,甘井子区,3.5,20,131.0
1964,14,大连振昌客舍,沙河口区,0.0,3,52.0
1965,15,大连嘉和休闲宾馆,沙河口区,0.0,19,214.0
1966,16,大连蜗居客舍,甘井子区,0.0,2,59.0
1967,17,大连名仕国际(名流)公寓酒店,中山区,3.9,29,169.0
1968,18,大连西太平洋酒店,保税区,0.0,0,168.0
1969,19,大连鑫博民宿,金州区,0.0,14,193.0
1970,20,大连海都时尚旅馆,山东路135号区,0.0,3,83.0
1971,21,大连辽B宾馆,中山区,3.1,20,71.0
1972,22,大连宏华酒店,大连市金州区,0.0,5,121.0
1973,23,大连顺丰旅社三部,连平街18号区,0.0,1,68.0
1974,24,大连天鸿旅馆,西岗区,0.0,2,59.0
1975,0,大连天鸿旅馆,西岗区,0.0,2,59.0
1976,1,大连美家星海酒店式公寓,大连沙河口区,0.0,5,350.0
1977,2,大连君悦时尚客舍,甘井子区,0.0,0,62.0
1978,3,大连大礁头旅游度假村,普兰店区,0.0,3,599.0
1979,4,大连金石滩19号聚会别墅,金州区,0.0,1,1088.0
1980,5,大连福林春旅店,金州区,0.0,10,102.0
1981,6,大连金相遇客栈,金州区,0.0,1,285.0
1982,7,大连修竹大厦酒店公寓,中山区,0.0,4,308.0
1983,8,芳菲假日酒店公寓(大连星海广场店),沙河口区,0.0,3,666.0
1984,9,大连牡丹城休闲公寓,甘井子区,3.9,20,138.0
1985,10,如约家庭式公寓(大连远洋荣域三店),甘井子区,0.0,17,273.0
1986,11,大连金石天地豪华民宿,金州区,0.0,0,3220.0
1987,12,大连香洲颐家公寓,香洲田园城养老社区,0.0,1,329.0
1988,13,大连原始部落日租别墅会所,甘井子区,0.0,0,1252.0
1989,14,大连达尔尼日租别墅,甘井子区,0.0,0,1380.0
1990,15,大连阳光水沐假日公寓,金州区,0.0,0,173.0
1991,16,大连御尚温泉酒店,金州区,0.0,0,358.0
1992,17,大连风舞九天海边度假别墅,金州区,0.0,0,1821.0
1993,18,大连福仁阁民宿,旅顺口区,0.0,4,459.0
1994,19,大连绿谷别墅,甘井子区,0.0,0,1453.0
1995,20,大连多瑙河大酒店,金州区,3.3,78,136.0
1996,21,大连向日葵校园短租住宿,大连金州区,3.5,32,95.0
1997,22,大连陋室居民宿,旅顺口区,0.0,0,677.0
1998,23,大连甘井子朋源招待所,甘井子区,0.0,0,52.0
1999,24,大连途悦度假公寓(辽河西路与炮台山南环路交叉口分店),金州区,0.0,0,226.0
2000,0,大连多瑙河大酒店,金州区,3.3,78,136.0
2001,1,大连向日葵校园短租住宿,大连金州区,3.5,32,95.0
2002,2,大连陋室居民宿,旅顺口区,0.0,0,677.0
2003,3,大连甘井子朋源招待所,甘井子区,0.0,0,52.0
2004,4,大连途悦度假公寓(辽河西路与炮台山南环路交叉口分店),金州区,0.0,0,226.0
2005,5,大连都乐大黑石海边聚会别墅,甘井子区,0.0,0,254.0
2006,6,大连市沙河口区时间故事公寓（星海广场店）,沙河口区,0.0,66,322.0
2007,7,大连自如友家度假别墅,沙河口区,0.0,54,338.0
2008,8,大连星海假日舒适家庭公寓,沙河口区,0.0,40,450.0
2009,9,大连华庭商务精品公寓,甘井子区,0.0,39,274.0
2010,10,大连若水1398公寓(振工街分店),沙河口区,0.0,0,1188.0
2011,11,大连娄尚仕民宿(原大连艾拉贝比公寓),西岗区,0.0,1,321.0
2012,12,大连禅悟空间快捷宾馆,大连市开发区,0.0,1,148.0
2013,13,大连滨悦旅馆,金州区,0.0,4,35.0
2014,14,小时快捷酒店(大连机场大纺店),甘井子区,3.1,17,55.0
2015,15,大连老铁山温泉酒店,旅顺口区,0.0,8,373.0
2016,16,大连海鸥日租房普通公寓,金州区,0.0,5,374.0
2017,17,大连刘女士度假别墅,大连经济技术开发区,0.0,0,1269.0
2018,18,大连瑞星旅店,甘井子区,0.0,8,35.0
2019,19,大连民宿国公寓,甘井子区,0.0,14,928.0
2020,20,大连玩聚时光海景别墅酒店,金州区,3.2,13,843.0
2021,21,大连我心飞翔普通公寓,甘井子区,0.0,28,394.0
2022,22,大连爱的小家普通公寓,金州区,0.0,24,458.0
2023,23,大连金石滩金海岸酒店式公寓,金州区,0.0,1,300.0
2024,24,大连老虎滩渔人码头近海山林房普通公寓,中山区,0.0,8,736.0
2025,0,大连老铁山温泉酒店,旅顺口区,0.0,8,373.0
2026,1,大连海鸥日租房普通公寓,金州区,0.0,5,374.0
2027,2,大连刘女士度假别墅,大连经济技术开发区,0.0,0,1269.0
2028,3,大连瑞星旅店,甘井子区,0.0,8,35.0
2029,4,大连民宿国公寓,甘井子区,0.0,14,928.0
2030,5,大连玩聚时光海景别墅酒店,金州区,3.2,13,843.0
2031,6,大连我心飞翔普通公寓,甘井子区,0.0,28,394.0
2032,7,大连爱的小家普通公寓,金州区,0.0,24,458.0
2033,8,大连金石滩金海岸酒店式公寓,金州区,0.0,1,300.0
2034,9,大连老虎滩渔人码头近海山林房普通公寓,中山区,0.0,8,736.0
2035,10,大连瓦纳海的家普通公寓,甘井子区,0.0,7,589.0
2036,11,大连蕾蕾的民宿小店,金州区,0.0,1,200.0
2037,12,第一世界连锁酒店公寓(大连星海广场店),沙河口区,3.3,8,533.0
2038,13,大连双源住宿,旅顺口区,0.0,1,92.0
2039,14,大连数码广场的兰舍公寓,沙河口区,0.0,34,421.0
2040,15,大连山海悠居普通公寓,西岗区,0.0,8,423.0
2041,16,大连十年磨一剑度假别墅,蓝海湾区,0.0,6,367.0
2042,17,大连爱溜达的猫猫公寓,金州区,0.0,5,1019.0
2043,18,大连金石滩叶子一线海景度假洋房特色民宿,金州区,0.0,2,880.0
2044,19,大连喜欢那片海公寓,沙河口区,0.0,1,253.0
2045,20,大连鑫家园公寓,大连市金州区,0.0,0,237.0
2046,21,大连大连海眠_公寓(吴越楼博物馆分店),大连沙河口区,0.0,0,1385.0
2047,22,大连龙漫客栈,世贸御龙海湾区,0.0,0,2576.0
2048,23,大连三_哥公寓,万达高层(打车或坐公交，请说你的目的地为北京街教堂对面的万达高层)区,0.0,0,301.0
2049,24,大连大熊大熊公寓(2号店),亿合现代城停车场(出入口)(华南商圈)区,0.0,0,328.0
2050,0,第一世界连锁酒店公寓(大连星海广场店),沙河口区,3.3,8,533.0
2051,1,大连双源住宿,旅顺口区,0.0,1,92.0
2052,2,大连数码广场的兰舍公寓,沙河口区,0.0,34,421.0
2053,3,大连山海悠居普通公寓,西岗区,0.0,8,423.0
2054,4,大连十年磨一剑度假别墅,蓝海湾区,0.0,6,367.0
2055,5,大连爱溜达的猫猫公寓,金州区,0.0,5,1019.0
2056,6,大连金石滩叶子一线海景度假洋房特色民宿,金州区,0.0,2,880.0
2057,7,大连喜欢那片海公寓,沙河口区,0.0,1,253.0
2058,8,大连鑫家园公寓,大连市金州区,0.0,0,237.0
2059,9,大连大连海眠_公寓(吴越楼博物馆分店),大连沙河口区,0.0,0,1385.0
2060,10,大连龙漫客栈,世贸御龙海湾区,0.0,0,2576.0
2061,11,大连三_哥公寓,万达高层(打车或坐公交，请说你的目的地为北京街教堂对面的万达高层)区,0.0,0,301.0
2062,12,大连大熊大熊公寓(2号店),亿合现代城停车场(出入口)(华南商圈)区,0.0,0,328.0
2063,13,大连金石滩梦幻海主题公寓(丹枫路店),金州区,0.0,0,209.0
2064,14,大连金石滩梦幻海主题公寓(南湖街分店),大连经济技术开发区,0.0,0,191.0
2065,15,大连逸海居公寓(游艇路分店),星海广场区,0.0,0,919.0
2066,16,大连西西里日租聚会别墅（棠梨店）(棠梨分店),柳树南街万科溪之谷别墅区,0.0,0,1063.0
2067,17,大连追不上月的彩云公寓,沙河口区,0.0,0,816.0
2068,18,大连大连前程似锦民宿(风华路分店),泉水e3区,0.0,0,264.0
2069,19,大连圣府主题度假公寓(2号店),中华西路汇信街远洋广场区,0.0,0,459.0
2070,20,大连大蜗牛公寓,中山区,0.0,0,301.0
2071,21,大连星墅•别墅(刘家村分店),甘井子区,0.0,0,780.0
2072,22,大连轻奢物语公寓,大连中山区,0.0,7,298.0
2073,23,大连金丰大厦爱家酒店公寓,金州区,3.9,16,239.0
2074,24,大连欢囍主题度假公寓,甘井子区,0.0,0,148.0
2075,0,大连大熊大熊公寓(2号店),亿合现代城停车场(出入口)(华南商圈)区,0.0,0,328.0
2076,1,大连金石滩梦幻海主题公寓(丹枫路店),金州区,0.0,0,209.0
2077,2,大连金石滩梦幻海主题公寓(南湖街分店),大连经济技术开发区,0.0,0,191.0
2078,3,大连逸海居公寓(游艇路分店),星海广场区,0.0,0,919.0
2079,4,大连西西里日租聚会别墅（棠梨店）(棠梨分店),柳树南街万科溪之谷别墅区,0.0,0,1063.0
2080,5,大连追不上月的彩云公寓,沙河口区,0.0,0,816.0
2081,6,大连大连前程似锦民宿(风华路分店),泉水e3区,0.0,0,264.0
2082,7,大连圣府主题度假公寓(2号店),中华西路汇信街远洋广场区,0.0,0,459.0
2083,8,大连大蜗牛公寓,中山区,0.0,0,301.0
2084,9,大连星墅•别墅(刘家村分店),甘井子区,0.0,0,780.0
2085,10,大连轻奢物语公寓,大连中山区,0.0,7,298.0
2086,11,大连金丰大厦爱家酒店公寓,金州区,3.9,16,239.0
2087,12,大连欢囍主题度假公寓,甘井子区,0.0,0,148.0
2088,13,大连金石滩安妮的家普通公寓,金州区,0.0,16,448.0
2089,14,大连海边休闲别墅NO.,优山美地丽山环路区,0.0,0,2576.0
2090,15,大连黎女士特色民宿,沙河口区,0.0,0,899.0
2091,16,大连有家商务宾馆,金州区,3.5,20,80.0
2092,17,大连槐之乡温泉住宿,金州区,0.0,3,473.0
2093,18,大连圣府主题度假公寓(5号店),中华西路汇信街区,0.0,0,191.0
2094,19,大连金合假日酒店,金州区,0.0,0,333.0
2095,20,大连史炳芳公寓,中山区,0.0,2,268.0
2096,21,大连星海广场望海小筑,沙河口区,0.0,24,329.0
2097,22,大连美宿日记公寓(汇通街分店),甘井子区,0.0,76,274.0
2098,23,大连伊心公寓(五卅街分店),中山区,0.0,4,196.0
2099,24,大连壹品时尚休闲公寓,星海广场壹品星海B3区,3.8,31,358.0
2100,0,大连欢囍主题度假公寓,甘井子区,0.0,0,148.0
2101,1,大连金石滩安妮的家普通公寓,金州区,0.0,16,448.0
2102,2,大连海边休闲别墅NO.,优山美地丽山环路区,0.0,0,2576.0
2103,3,大连黎女士特色民宿,沙河口区,0.0,0,899.0
2104,4,大连有家商务宾馆,金州区,3.5,20,80.0
2105,5,大连槐之乡温泉住宿,金州区,0.0,3,473.0
2106,6,大连圣府主题度假公寓(5号店),中华西路汇信街区,0.0,0,191.0
2107,7,大连金合假日酒店,金州区,0.0,0,333.0
2108,8,大连史炳芳公寓,中山区,0.0,2,268.0
2109,9,大连星海广场望海小筑,沙河口区,0.0,24,329.0
2110,10,大连美宿日记公寓(汇通街分店),甘井子区,0.0,76,274.0
2111,11,大连伊心公寓(五卅街分店),中山区,0.0,4,196.0
2112,12,大连壹品时尚休闲公寓,星海广场壹品星海B3区,3.8,31,358.0
2113,13,大连中尚酒店(原鑫泽龙酒店),中山区,3.8,98,198.0
2114,14,大连聚谊家休闲别墅,旅顺口区,0.0,0,1195.0
2115,15,大连舒适小宅普通公寓,西岗区,0.0,0,200.0
2116,16,大连海之蓝酒店式公寓星海广场店,沙河口区,3.9,13,599.0
2117,17,大连美宿日记公寓(星河路分店),沙河口区,0.0,56,258.0
2118,18,大连轩轩民宿(5号店),硅谷假日(9号楼)区,0.0,0,246.0
2119,19,大连西如文心公寓(中长东五街分店),沙河口区,0.0,33,226.0
2120,20,大连金色童年公寓,金州区,0.0,30,329.0
2121,21,大连行者无疆.公寓(浔水街分店),金州区,0.0,19,154.0
2122,22,大连中山九号普通公寓,中山区,0.0,14,518.0
2123,23,大连金普新区万达广场瑞栢中心精品公寓,金州区,0.0,11,366.0
2124,24,大连金石滩5A度假区驴友之家公寓,金州区,0.0,6,717.0
2125,0,大连星海广场望海小筑,沙河口区,0.0,24,329.0
2126,1,大连美宿日记公寓(汇通街分店),甘井子区,0.0,76,274.0
2127,2,大连伊心公寓(五卅街分店),中山区,0.0,4,196.0
2128,3,大连壹品时尚休闲公寓,星海广场壹品星海B3区,3.8,31,358.0
2129,4,大连中尚酒店(原鑫泽龙酒店),中山区,3.8,98,198.0
2130,5,大连聚谊家休闲别墅,旅顺口区,0.0,0,1195.0
2131,6,大连舒适小宅普通公寓,西岗区,0.0,0,200.0
2132,7,大连海之蓝酒店式公寓星海广场店,沙河口区,3.9,13,599.0
2133,8,大连美宿日记公寓(星河路分店),沙河口区,0.0,56,258.0
2134,9,大连轩轩民宿(5号店),硅谷假日(9号楼)区,0.0,0,246.0
2135,10,大连西如文心公寓(中长东五街分店),沙河口区,0.0,33,226.0
2136,11,大连金色童年公寓,金州区,0.0,30,329.0
2137,12,大连行者无疆.公寓(浔水街分店),金州区,0.0,19,154.0
2138,13,大连中山九号普通公寓,中山区,0.0,14,518.0
2139,14,大连金普新区万达广场瑞栢中心精品公寓,金州区,0.0,11,366.0
2140,15,大连金石滩5A度假区驴友之家公寓,金州区,0.0,6,717.0
2141,16,大连青春永驻雷雷酒店式公寓,沙河口区,0.0,5,249.0
2142,17,大连金石滩19号日租聚会别墅(中心大街分店),金州区,0.0,1,1888.0
2143,18,大连林的小屋公寓,金州区,0.0,1,533.0
2144,19,大连金石滩黄金海岸发现王国轻轨站有家精品民宿(建国伟业展区分店),金州区,0.0,0,735.0
2145,20,大连海景假日公寓,金州区,0.0,0,338.0
2146,21,大连玫瑰有约公寓(凌水路分店),甘井子区,0.0,0,91.0
2147,22,大连瑞柏精品公寓日租(五一路分店),金州区,0.0,0,238.0
2148,23,大连刘玉秋公寓,旅顺口区,0.0,0,467.0
2149,24,大连达芬奇密码008公寓,金州区,0.0,0,244.0
2150,0,大连中山九号普通公寓,中山区,0.0,14,518.0
2151,1,大连金普新区万达广场瑞栢中心精品公寓,金州区,0.0,11,366.0
2152,2,大连金石滩5A度假区驴友之家公寓,金州区,0.0,6,717.0
2153,3,大连青春永驻雷雷酒店式公寓,沙河口区,0.0,5,249.0
2154,4,大连金石滩19号日租聚会别墅(中心大街分店),金州区,0.0,1,1888.0
2155,5,大连林的小屋公寓,金州区,0.0,1,533.0
2156,6,大连金石滩黄金海岸发现王国轻轨站有家精品民宿(建国伟业展区分店),金州区,0.0,0,735.0
2157,7,大连海景假日公寓,金州区,0.0,0,338.0
2158,8,大连玫瑰有约公寓(凌水路分店),甘井子区,0.0,0,91.0
2159,9,大连瑞柏精品公寓日租(五一路分店),金州区,0.0,0,238.0
2160,10,大连刘玉秋公寓,旅顺口区,0.0,0,467.0
2161,11,大连达芬奇密码008公寓,金州区,0.0,0,244.0
2162,12,大连莫添程特色民宿,金石滩国家旅游度假区,0.0,0,1194.0
2163,13,大连郝女士特色民宿,金州区,0.0,0,460.0
2164,14,大连金石滩19号日租聚会别墅(小海豚儿童乐园分店),金州区,0.0,0,1088.0
2165,15,大连连海金源普通公寓,甘井子区,0.0,0,458.0
2166,16,大连昌盛铁路招待所,西岗区,0.0,0,112.0
2167,17,大连天禧关哥公寓,保利天禧(地铁2号线东海站200米)区,0.0,20,734.0
2168,18,大连金石滩度假民宿(金石路分店),金州区,0.0,16,288.0
2169,19,大连十年磨一剑度假别墅(12号店),蓝海湾(蓝海湾度假村)区,0.0,6,1736.0
2170,20,大连十年磨一剑度假别墅(11号店),蓝海湾(蓝海湾度假村)区,0.0,5,1920.0
2171,21,大连十年磨一剑度假别墅(4号店),蓝海湾度假村区,0.0,1,292.0
2172,22,大连十年磨一剑度假别墅(9号店),蓝海湾度假村区,0.0,0,367.0
2173,23,大连十年磨一剑度假别墅(6号店),蓝海湾度假村区,0.0,0,367.0
2174,24,大连十年磨一剑度假别墅(3号店),蓝海湾度假村区,0.0,0,292.0
2175,0,大连郝女士特色民宿,金州区,0.0,0,460.0
2176,1,大连金石滩19号日租聚会别墅(小海豚儿童乐园分店),金州区,0.0,0,1088.0
2177,2,大连连海金源普通公寓,甘井子区,0.0,0,458.0
2178,3,大连昌盛铁路招待所,西岗区,0.0,0,112.0
2179,4,大连天禧关哥公寓,保利天禧(地铁2号线东海站200米)区,0.0,20,734.0
2180,5,大连金石滩度假民宿(金石路分店),金州区,0.0,16,288.0
2181,6,大连十年磨一剑度假别墅(12号店),蓝海湾(蓝海湾度假村)区,0.0,6,1736.0
2182,7,大连十年磨一剑度假别墅(11号店),蓝海湾(蓝海湾度假村)区,0.0,5,1920.0
2183,8,大连十年磨一剑度假别墅(4号店),蓝海湾度假村区,0.0,1,292.0
2184,9,大连十年磨一剑度假别墅(9号店),蓝海湾度假村区,0.0,0,367.0
2185,10,大连十年磨一剑度假别墅(6号店),蓝海湾度假村区,0.0,0,367.0
2186,11,大连十年磨一剑度假别墅(3号店),蓝海湾度假村区,0.0,0,292.0
2187,12,大连十年磨一剑度假别墅(7号店),蓝海湾度假村区,0.0,0,292.0
2188,13,大连十年磨一剑度假别墅(5号店),蓝海湾度假村区,0.0,0,367.0
2189,14,大连左岸经典假日酒店式公寓,金州区,0.0,8,140.0
2190,15,大连汇来旅馆,西岗区,0.0,0,67.0
2191,16,大连云海旅社,旅顺口区,0.0,7,49.0
2192,17,大连SKy公寓(3号店),华发新城(兴发路)(4座)区,0.0,8,256.0
2193,18,大连蓝湾民宿,旅顺口区,0.0,1,430.0
2194,19,大连喔喔美家民宿,高新园区,0.0,1,368.0
2195,20,大连长生不老特色民宿,金石滩(金石滩龙谷街鲁能圣地)区,0.0,0,274.0
2196,21,大连思清兰公寓(3号店),滨海公路(大魏家街道御龙海湾B区,0.0,0,237.0
2197,22,大连杨桃子公寓,万达广场区,0.0,2,172.0
2198,23,大连美女老太太度假别墅,大魏家街道世茂御龙海湾迎百家区,0.0,0,920.0
2199,24,大连北欧风情之家公寓,华东人家-东区,0.0,4,485.0
2200,0,大连三合大厦,沙河口区,4.5,448,308.0
2201,1,大连新海天国际酒店,金州区,4.6,1242,476.0
2202,2,天优品句号酒店公寓(大连周水子机场店),甘井子区,4.7,285,224.0
2203,3,大连蔚蓝海岸海景酒店式公寓,中山区,4.7,106,224.0
2204,4,大连海眠美宿,高新园区,4.5,6,420.0
2205,5,颐家酒店式公寓(大连东港会议中心店),中山区,4.9,55,246.0
2206,6,大连怡嘉商务宾馆,中山区,4.1,230,149.0
2207,7,大连千岛海鲜中南阳光酒店,中山区,4.6,1574,409.0
2208,8,大连凯宾斯基饭店,中山区,4.6,6297,687.0
2209,9,大连君悦酒店,沙河口区,4.7,3363,1587.0
2210,10,大连火车站亚朵酒店,中山区,4.9,3960,477.0
2211,11,大连香洲花园酒店,西岗区,4.5,4207,471.0
2212,12,天优品酒店(大连机场店),甘井子区,4.5,5195,231.0
2213,13,大连康莱德酒店,中山区,4.7,1177,1139.0
2214,14,大连金石滩鲁能希尔顿度假酒店,金州区,4.6,1541,1348.0
2215,15,锦江之星(大连交通大学西山街店),沙河口区,4.7,2796,199.0
2216,16,大连体育中心皇冠假日酒店,甘井子区,4.7,398,699.0
2217,17,大连日航饭店,中山区,4.6,3030,663.0
2218,18,如家商旅酒店(大连火车站青泥洼桥友好广场店),中山区,4.8,977,390.0
2219,19,锦江之星(大连港湾广场国际会议中心店),中山区,4.6,2382,239.0
2220,20,大连瑞诗酒店,中山区,4.6,2724,456.0
2221,21,大连鲁能海洋温泉酒店,金州区,4.6,1088,918.0
2222,22,锦江之星(大连北站店),甘井子区,4.6,4533,279.0
2223,23,速8酒店(大连金州火车站店),金州区,4.4,560,153.0
2224,24,如家精选酒店(大连开发区万达广场金马路店),金州区,4.8,1084,309.0
2225,0,大连SKy公寓(3号店),华发新城(兴发路)(4座)区,0.0,8,256.0
2226,1,大连蓝湾民宿,旅顺口区,0.0,1,430.0
2227,2,大连喔喔美家民宿,高新园区,0.0,1,368.0
2228,3,大连长生不老特色民宿,金石滩(金石滩龙谷街鲁能圣地)区,0.0,0,274.0
2229,4,大连思清兰公寓(3号店),滨海公路(大魏家街道御龙海湾B区,0.0,0,237.0
2230,5,大连杨桃子公寓,万达广场区,0.0,2,172.0
2231,6,大连美女老太太度假别墅,大魏家街道世茂御龙海湾迎百家区,0.0,0,920.0
2232,7,大连北欧风情之家公寓,华东人家-东区,0.0,4,485.0
2233,8,大连金石滩高老庄民俗公寓(2号店),大连经济技术开发区,0.0,0,338.0
2234,9,大连哈尔滨冰雪旅游民宿NO.,华润海三期区,0.0,0,246.0
2235,10,大连平田肉肉大魔王公寓,大连经济技术开发区,0.0,0,239.0
2236,11,大连金石滩听海轩日租公寓,金石滩水木华庭区,0.0,0,208.0
2237,12,大连美丽大连欢迎您哦公寓(6号店),金石滩国家旅游度假区,0.0,0,182.0
2238,13,大连星海大厦海景房公寓(美人鱼雕像分店),沙河口区,0.0,0,1453.0
2239,14,大连海凌旅社,甘井子区,0.0,3,85.0
2240,15,大连西门是星海公寓,星海大厦(西南路24号)区,0.0,0,255.0
2241,16,大连万向城公寓式酒店,大连沙河口区,3.3,35,102.0
2242,17,大连田绍荣特色民宿(9号店),大连金州区,0.0,0,448.0
2243,18,大连MSKS芒果果公寓,万达公馆10号酒店式公寓(万达广场公寓9号楼)区,0.0,0,237.0
2244,19,大连美廉客公寓(黄河路分店),金色年华·公馆区,0.0,0,172.0
2245,20,大连刘二r农家乐刘淑丽,大李家镇石槽村村民委员会 地图区,0.0,0,184.0
2246,21,大连恒盛快捷宾馆,石河街道石河村 地图区,0.0,0,145.0
2247,22,大连张昱虹公寓,金州区,0.0,0,130.0
2248,23,大连邻海伴山公寓(12号店),帝景星海区,0.0,2,699.0
2249,24,大连聚宝阁馨旅馆,旅顺口区,0.0,7,45.0
2250,0,大连星海大厦海景房公寓(美人鱼雕像分店),沙河口区,0.0,0,1453.0
2251,1,大连海凌旅社,甘井子区,0.0,3,85.0
2252,2,大连西门是星海公寓,星海大厦(西南路24号)区,0.0,0,255.0
2253,3,大连万向城公寓式酒店,大连沙河口区,3.3,35,102.0
2254,4,大连田绍荣特色民宿(9号店),大连金州区,0.0,0,448.0
2255,5,大连MSKS芒果果公寓,万达公馆10号酒店式公寓(万达广场公寓9号楼)区,0.0,0,237.0
2256,6,大连美廉客公寓(黄河路分店),金色年华·公馆区,0.0,0,172.0
2257,7,大连刘二r农家乐刘淑丽,大李家镇石槽村村民委员会 地图区,0.0,0,184.0
2258,8,大连恒盛快捷宾馆,石河街道石河村 地图区,0.0,0,145.0
2259,9,大连张昱虹公寓,金州区,0.0,0,130.0
2260,10,大连邻海伴山公寓(12号店),帝景星海区,0.0,2,699.0
2261,11,大连聚宝阁馨旅馆,旅顺口区,0.0,7,45.0
2262,12,大连金石假日公寓,大连开发区,0.0,15,200.0
2263,13,大连老五爱民宿,三八广场鲁迅路区,0.0,20,186.0
2264,14,金石滩在海一方套房度假公寓,金州区,0.0,0,520.0
2265,15,大连勤劳的辣妈公寓,甘井子区,0.0,0,407.0
2266,16,大连温馨之家DJ公寓,大连金州区,0.0,0,826.0
2267,17,大连桃之夭夭公寓,大连经济技术开发区,0.0,0,1104.0
2268,18,大连海边温馨的别墅(2号店),金石路(金石滩优山美地琴海园)区,0.0,0,993.0
2269,19,大连金石滩海岸度假公寓,金州区,0.0,2,388.0
2270,20,大连美丽大连欢迎您哦公寓(4号店),金石滩王仔假日区,0.0,0,182.0
2271,21,大连减不完的肥公寓,龙谷街(鲁能泰山七号)区,0.0,0,513.0
2272,22,大连达尔尼度假别墅,达尔尼日租别墅区,0.0,1,2005.0
2273,23,大连小娜日租公寓,金州区,0.0,25,172.0
2274,24,大连圣府主题度假公寓(4号店),中华西路汇信街远洋广场区,0.0,0,154.0
2275,0,大连温馨之家DJ公寓,大连金州区,0.0,0,826.0
2276,1,大连桃之夭夭公寓,大连经济技术开发区,0.0,0,1104.0
2277,2,大连海边温馨的别墅(2号店),金石路(金石滩优山美地琴海园)区,0.0,0,993.0
2278,3,大连金石滩海岸度假公寓,金州区,0.0,2,388.0
2279,4,大连美丽大连欢迎您哦公寓(4号店),金石滩王仔假日区,0.0,0,182.0
2280,5,大连减不完的肥公寓,龙谷街(鲁能泰山七号)区,0.0,0,513.0
2281,6,大连达尔尼度假别墅,达尔尼日租别墅区,0.0,1,2005.0
2282,7,大连小娜日租公寓,金州区,0.0,25,172.0
2283,8,大连圣府主题度假公寓(4号店),中华西路汇信街远洋广场区,0.0,0,154.0
2284,9,大连青云普通公寓,中山区,0.0,20,388.0
2285,10,大连金石滩水木华庭亲子公寓,金州区,0.0,19,237.0
2286,11,大连面朝大海春暖花开独栋别墅,大连金州区,0.0,12,809.0
2287,12,大连小时光家庭公寓,金州区,0.0,11,138.0
2288,13,大连金石滩风景区精致花园洋房普通公寓,金州区,0.0,10,310.0
2289,14,大连星海广场家庭公寓,沙河口区,0.0,5,599.0
2290,15,大连驿站普通公寓,旅顺口区,0.0,4,533.0
2291,16,大连海中国等您回家普通公寓,金州区,0.0,2,275.0
2292,17,大连临海小驻民宿,金州区,0.0,0,490.0
2293,18,大连凯悦公寓(山南路店),金州区,0.0,0,209.0
2294,19,大连心语酒店式公寓,金州区,0.0,12,226.0
2295,20,大连大连刘旷达公寓,辽河西路(万达8号楼)区,0.0,1,136.0
2296,21,大连嘉和全新温馨酒店式公寓(明泽街分店),中山区,0.0,74,207.0
2297,22,大连老船长滴公寓,金州区,0.0,0,458.0
2298,23,大连上品之家酒店公寓,沙河口区,0.0,54,218.0
2299,24,大连Miss_左左公寓,沙河口区,0.0,24,355.0
2300,0,大连星海广场家庭公寓,沙河口区,0.0,5,599.0
2301,1,大连驿站普通公寓,旅顺口区,0.0,4,533.0
2302,2,大连海中国等您回家普通公寓,金州区,0.0,2,275.0
2303,3,大连临海小驻民宿,金州区,0.0,0,490.0
2304,4,大连凯悦公寓(山南路店),金州区,0.0,0,209.0
2305,5,大连心语酒店式公寓,金州区,0.0,12,226.0
2306,6,大连大连刘旷达公寓,辽河西路(万达8号楼)区,0.0,1,136.0
2307,7,大连嘉和全新温馨酒店式公寓(明泽街分店),中山区,0.0,74,207.0
2308,8,大连老船长滴公寓,金州区,0.0,0,458.0
2309,9,大连上品之家酒店公寓,沙河口区,0.0,54,218.0
2310,10,大连Miss_左左公寓,沙河口区,0.0,24,355.0
2311,11,大连温馨可爱只屋普通公寓,普兰店区,0.0,20,246.0
2312,12,大连老虎滩家庭度假公寓,中山区,0.0,20,458.0
2313,13,大连渤海湾民宿(青石路分店),金州区,0.0,12,421.0
2314,14,大连金石滩万福酒店式公寓,金州区,0.0,10,198.0
2315,15,大连丛小晶公寓,沙河口区,0.0,2,228.0
2316,16,大连花园洋房家庭旅馆(丹枫路店),金州区,0.0,1,458.0
2317,17,大连东篱小主公寓(2号店),龙谷街(德嘉与海)区,0.0,0,367.0
2318,18,大连舒雅精致公寓(同仁街分店),大连西岗区,0.0,0,182.0
2319,19,大连聚会别墅轰趴馆,金州区,0.0,0,1280.0
2320,20,大连途掌柜115441精品民宿,亿达·软景中心-2号楼区,0.0,0,402.0
2321,21,乐搜民宿公寓,大连沙河口区,0.0,0,540.0
2322,22,大连大连优佳·美宿公寓(南林路分店),大连甘井子区,0.0,0,191.0
2323,23,大连北欧假日民宿(滨海五路店),金州区,0.0,0,274.0
2324,24,大连都先生的公寓,大有恬园-二期(30号楼2单元)区,0.0,0,275.0
2325,0,大连心语酒店式公寓,金州区,0.0,12,226.0
2326,1,大连大连刘旷达公寓,辽河西路(万达8号楼)区,0.0,1,136.0
2327,2,大连嘉和全新温馨酒店式公寓(明泽街分店),中山区,0.0,74,207.0
2328,3,大连老船长滴公寓,金州区,0.0,0,458.0
2329,4,大连上品之家酒店公寓,沙河口区,0.0,54,218.0
2330,5,大连Miss_左左公寓,沙河口区,0.0,24,355.0
2331,6,大连温馨可爱只屋普通公寓,普兰店区,0.0,20,246.0
2332,7,大连老虎滩家庭度假公寓,中山区,0.0,20,458.0
2333,8,大连渤海湾民宿(青石路分店),金州区,0.0,12,421.0
2334,9,大连金石滩万福酒店式公寓,金州区,0.0,10,198.0
2335,10,大连丛小晶公寓,沙河口区,0.0,2,228.0
2336,11,大连花园洋房家庭旅馆(丹枫路店),金州区,0.0,1,458.0
2337,12,大连东篱小主公寓(2号店),龙谷街(德嘉与海)区,0.0,0,367.0
2338,13,大连舒雅精致公寓(同仁街分店),大连西岗区,0.0,0,182.0
2339,14,大连聚会别墅轰趴馆,金州区,0.0,0,1280.0
2340,15,大连途掌柜115441精品民宿,亿达·软景中心-2号楼区,0.0,0,402.0
2341,16,乐搜民宿公寓,大连沙河口区,0.0,0,540.0
2342,17,大连大连优佳·美宿公寓(南林路分店),大连甘井子区,0.0,0,191.0
2343,18,大连北欧假日民宿(滨海五路店),金州区,0.0,0,274.0
2344,19,大连都先生的公寓,大有恬园-二期(30号楼2单元)区,0.0,0,275.0
2345,20,大连田绍荣特色民宿(13号店),龙谷街(鲁能胜地)区,0.0,0,458.0
2346,21,大连哒哒姐_小屋特色民宿(英华街分店),中山区,0.0,0,724.0
2347,22,大连雁行公寓(2号店),中华西路(远洋广场汇智园)区,0.0,0,339.0
2348,23,大连御廷海景度假公寓,大连金州区,0.0,0,283.0
2349,24,大连馨之家园公寓,金州区,0.0,0,172.0
2350,0,大连丛小晶公寓,沙河口区,0.0,2,228.0
2351,1,大连花园洋房家庭旅馆(丹枫路店),金州区,0.0,1,458.0
2352,2,大连东篱小主公寓(2号店),龙谷街(德嘉与海)区,0.0,0,367.0
2353,3,大连舒雅精致公寓(同仁街分店),大连西岗区,0.0,0,182.0
2354,4,大连聚会别墅轰趴馆,金州区,0.0,0,1280.0
2355,5,大连途掌柜115441精品民宿,亿达·软景中心-2号楼区,0.0,0,402.0
2356,6,乐搜民宿公寓,大连沙河口区,0.0,0,540.0
2357,7,大连大连优佳·美宿公寓(南林路分店),大连甘井子区,0.0,0,191.0
2358,8,大连北欧假日民宿(滨海五路店),金州区,0.0,0,274.0
2359,9,大连都先生的公寓,大有恬园-二期(30号楼2单元)区,0.0,0,275.0
2360,10,大连田绍荣特色民宿(13号店),龙谷街(鲁能胜地)区,0.0,0,458.0
2361,11,大连哒哒姐_小屋特色民宿(英华街分店),中山区,0.0,0,724.0
2362,12,大连雁行公寓(2号店),中华西路(远洋广场汇智园)区,0.0,0,339.0
2363,13,大连御廷海景度假公寓,大连金州区,0.0,0,283.0
2364,14,大连馨之家园公寓,金州区,0.0,0,172.0
2365,15,大连晴天美家公寓(2号店),石松街区,0.0,0,339.0
2366,16,大连开发区途乐特色民宿,金州区,0.0,0,298.0
2367,17,大连金石滩聚会别墅,金州区,0.0,0,1388.0
2368,18,大连瑞懿公寓,宅语原区,0.0,0,458.0
2369,19,大连Matio普通公寓,金州区,0.0,0,208.0
2370,20,大连独尊唯我之家酒店式公寓,中山区,0.0,5,380.0
2371,21,大连邻海伴山公寓(14号店),中长东二街/兴工北五街(路口)(兴工北五街21号)区,0.0,1,368.0
2372,22,大连波波鱼公寓(2号店),大连金州区,0.0,0,683.0
2373,23,大连波波鱼公寓(3号店),大连金州区,0.0,0,583.0
2374,24,大连波波鱼公寓,大连金州区,0.0,0,583.0
2375,0,大连北欧假日民宿(滨海五路店),金州区,0.0,0,274.0
2376,1,大连都先生的公寓,大有恬园-二期(30号楼2单元)区,0.0,0,275.0
2377,2,大连田绍荣特色民宿(13号店),龙谷街(鲁能胜地)区,0.0,0,458.0
2378,3,大连哒哒姐_小屋特色民宿(英华街分店),中山区,0.0,0,724.0
2379,4,大连雁行公寓(2号店),中华西路(远洋广场汇智园)区,0.0,0,339.0
2380,5,大连御廷海景度假公寓,大连金州区,0.0,0,283.0
2381,6,大连馨之家园公寓,金州区,0.0,0,172.0
2382,7,大连晴天美家公寓(2号店),石松街区,0.0,0,339.0
2383,8,大连开发区途乐特色民宿,金州区,0.0,0,298.0
2384,9,大连金石滩聚会别墅,金州区,0.0,0,1388.0
2385,10,大连瑞懿公寓,宅语原区,0.0,0,458.0
2386,11,大连Matio普通公寓,金州区,0.0,0,208.0
2387,12,大连独尊唯我之家酒店式公寓,中山区,0.0,5,380.0
2388,13,大连邻海伴山公寓(14号店),中长东二街/兴工北五街(路口)(兴工北五街21号)区,0.0,1,368.0
2389,14,大连波波鱼公寓(2号店),大连金州区,0.0,0,683.0
2390,15,大连波波鱼公寓(3号店),大连金州区,0.0,0,583.0
2391,16,大连波波鱼公寓,大连金州区,0.0,0,583.0
2392,17,大连乙心旅店,金州区,0.0,0,58.0
2393,18,大连舒雅精致公寓(亲子儿童乐园分店),大连经济技术开发区,0.0,0,550.0
2394,19,大连田园雅墅—大美金石滩公寓(8号店),金石滩(万达金石天成西区,0.0,0,494.0
2395,20,大连诚缘旅馆,甘井子区,0.0,4,142.0
2396,21,大连旅顺港海景民宿,兴发路华发新城1号楼1313室区,0.0,0,148.0
2397,22,大连唯美酒店式公寓(金盛街店),旅顺口区,0.0,13,275.0
2398,23,大连维馨公寓,金州区,0.0,0,182.0
2399,24,大连天之恋酒店式公寓,经济开发区,0.0,0,189.0
2400,0,大连瑞懿公寓,宅语原区,0.0,0,458.0
2401,1,大连Matio普通公寓,金州区,0.0,0,208.0
2402,2,大连独尊唯我之家酒店式公寓,中山区,0.0,5,380.0
2403,3,大连邻海伴山公寓(14号店),中长东二街/兴工北五街(路口)(兴工北五街21号)区,0.0,1,368.0
2404,4,大连波波鱼公寓(2号店),大连金州区,0.0,0,683.0
2405,5,大连波波鱼公寓(3号店),大连金州区,0.0,0,583.0
2406,6,大连波波鱼公寓,大连金州区,0.0,0,583.0
2407,7,大连乙心旅店,金州区,0.0,0,58.0
2408,8,大连舒雅精致公寓(亲子儿童乐园分店),大连经济技术开发区,0.0,0,550.0
2409,9,大连田园雅墅—大美金石滩公寓(8号店),金石滩(万达金石天成西区,0.0,0,494.0
2410,10,大连诚缘旅馆,甘井子区,0.0,4,142.0
2411,11,大连旅顺港海景民宿,兴发路华发新城1号楼1313室区,0.0,0,148.0
2412,12,大连唯美酒店式公寓(金盛街店),旅顺口区,0.0,13,275.0
2413,13,大连维馨公寓,金州区,0.0,0,182.0
2414,14,大连天之恋酒店式公寓,经济开发区,0.0,0,189.0
2415,15,大连壹号聚会独栋别墅,金州区,3.4,49,2451.0
2416,16,大连依家星海广场店公寓(2号店),中山路街道584号东方星海区,0.0,0,827.0
2417,17,大连金石海岸公寓,金州区,0.0,1,446.0
2418,18,大连甜美旅社,普兰店区,0.0,4,30.0
2419,19,大连阳公寓,大连西岗区,0.0,2,366.0
2420,20,大连京华招待所,金州区,0.0,9,35.0
2421,21,大连圣府主题度假公寓(8号店),远洋广场(中华西路汇信街)区,0.0,0,274.0
2422,22,大连小丽君子特色民宿,甘井子区,0.0,0,384.0
2423,23,大连婉约小栈公寓(2号店),远洋广场区,0.0,0,200.0
2424,24,大连星海锦熙舍公寓(4号店),壹品星海-14号楼(壹品星海东门)区,0.0,0,486.0
2425,0,大连唯美酒店式公寓(金盛街店),旅顺口区,0.0,13,275.0
2426,1,大连维馨公寓,金州区,0.0,0,182.0
2427,2,大连天之恋酒店式公寓,经济开发区,0.0,0,189.0
2428,3,大连壹号聚会独栋别墅,金州区,3.4,49,2451.0
2429,4,大连依家星海广场店公寓(2号店),中山路街道584号东方星海区,0.0,0,827.0
2430,5,大连金石海岸公寓,金州区,0.0,1,446.0
2431,6,大连甜美旅社,普兰店区,0.0,4,30.0
2432,7,大连阳公寓,大连西岗区,0.0,2,366.0
2433,8,大连京华招待所,金州区,0.0,9,35.0
2434,9,大连圣府主题度假公寓(8号店),远洋广场(中华西路汇信街)区,0.0,0,274.0
2435,10,大连小丽君子特色民宿,甘井子区,0.0,0,384.0
2436,11,大连婉约小栈公寓(2号店),远洋广场区,0.0,0,200.0
2437,12,大连星海锦熙舍公寓(4号店),壹品星海-14号楼(壹品星海东门)区,0.0,0,486.0
2438,13,大连喜中桥商务公寓(西一路分店),中山区,0.0,0,328.0
2439,14,大连途掌柜103064精品民宿,德嘉与海区,0.0,5,612.0
2440,15,大连金石滩A3聚会别墅(分店),金州区,0.0,11,816.0
2441,16,大连草原神鹰公寓,之江路金石天成东区,0.0,0,276.0
2442,17,大连石先生公寓,金石路王子假日区,0.0,0,329.0
2443,18,大连汀海筑梦民宿,金州区,0.0,0,328.0
2444,19,大连荷柏圜度假公寓(东北四街分店),金州区,0.0,1,161.0
2445,20,大连途掌柜103068精品民宿,恒基碧桂园金石滩区,0.0,7,540.0
2446,21,小鱼部落金石滩聚会日租别墅(大连发现王国店),金州区,0.0,0,361.0
2447,22,大连金石滩日月星酒店式公寓(3号店),水木华庭区,0.0,0,209.0
2448,23,大连金石假日公寓(中心大街分店),金州区,0.0,5,550.0
2449,24,大连聚福旅社,旅顺口区,0.0,0,198.0
2450,0,大连石先生公寓,金石路王子假日区,0.0,0,329.0
2451,1,大连汀海筑梦民宿,金州区,0.0,0,328.0
2452,2,大连荷柏圜度假公寓(东北四街分店),金州区,0.0,1,161.0
2453,3,大连途掌柜103068精品民宿,恒基碧桂园金石滩区,0.0,7,540.0
2454,4,小鱼部落金石滩聚会日租别墅(大连发现王国店),金州区,0.0,0,361.0
2455,5,大连金石滩日月星酒店式公寓(3号店),水木华庭区,0.0,0,209.0
2456,6,大连金石假日公寓(中心大街分店),金州区,0.0,5,550.0
2457,7,大连聚福旅社,旅顺口区,0.0,0,198.0
2458,8,大连小梦之屋酒店式公寓,金州区,0.0,18,146.0
2459,9,大连听海家庭民宿(3号店),金石滩国家旅游度假区,0.0,0,356.0
2460,10,大连田绍荣特色民宿(16号店),金石路(鲁能胜地)区,0.0,0,448.0
2461,11,大连乐搜精品民宿公寓(连山社区公园分店),大连沙河口区,0.0,0,303.0
2462,12,大连草原神鹰公寓(3号店),之江路金石天成东区,0.0,0,276.0
2463,13,大连大竹子公寓,大连中山区,0.0,4,228.0
2464,14,思家思家公寓(大连辽河西路店),金州区,0.0,6,159.0
2465,15,大连温馨民宿,高新园区,0.0,0,260.0
2466,16,大连W‘shouse公寓(20号店),水木华庭区,0.0,0,448.0
2467,17,大连yingyu0121公寓,金州区,0.0,0,458.0
2468,18,大连乐搜民宿公寓(之江路分店),大连经济技术开发区,0.0,0,515.0
2469,19,大连嘟嘟之家～公寓,大连金州区,0.0,1,301.0
2470,20,大连大连星海·阳光里公寓,大连沙河口区,0.0,0,367.0
2471,21,大连莫添程公寓(4号店),大连金州区,0.0,0,366.0
2472,22,大连恒贺旅店,金州区,0.0,0,42.0
2473,23,大连周大轩公寓,中海海港城B区,0.0,31,421.0
2474,24,大连海风姑娘yz公寓(8号店),金石路(金石滩王仔假日小区,0.0,0,258.0
